acc8322a8e6aada5066f495fdc48e9f931dcd843.png,0321D
ed84dc51acc7d4e20bba7d9298bfe5e3efe65884.png,07KSL
30cea57900ff96d6a6afe7d66c1ceb94295c6414.png,0806F
e03d0c71f96232db4b11a5318fd47067c2e3ceb8.png,0928B
ce61213bcaa6d0eab5e6baa1fa70c4240bb0ab68.png,09T7L
8be7ba993df142c58b99c3eb6102a762241fcad8.png,0BJ6N
494478ae9ff8b1b2875ea679526b6b09c72abafa.png,0BW0K
578b85ebdd00c7004a5e20a87b3213cc3a834579.png,0DVR3
77eefb00ad2f622e644c4511d79b9008795fcd2d.png,0FXFP
633b8e92b53d61213ebc0def9d2f70c61dac96fd.png,0J5W2
e01cbc7d5cdcf88790379b4132232fe654b650c1.png,0KF3U
980ed89d430a4254cf8474c30a9b7ddac5118885.png,0KF8F
db9e9df550ee94f9feb1045571455388a0c0b3ac.png,0S8JO
3849cc116c8bf1a465db667064ee52bf5400c932.png,0T3I1
afdaf4b288ec7b884bb8b5e341f85eb1594957d8.png,0THT2
e8b323b552d12d11917febf8c36c4e3879c1a140.png,0UJBF
35de0778583c0103fd2e23e4dae9a7b3759b9106.png,0VJUJ
d62cdf696d441486e76df3b3bcf0162b66d4bd3b.png,0VWGP
78138c1c0df3c8212536523eaf1d90895ddae9d6.png,118XP
c6bf9f7dffc05a440ba831cf16ac653c8fc18f47.png,1234B
4dffbecf0432596b8f7f2f740c9ef42cd2bb5b9f.png,12LWI
b1f5851ec64455dfdf063012d59d7b264a3c5ded.png,13BD9
6aebb2f47df8c00c5c897a9b68dc05b97060b93e.png,142NO
00506d51816a79b3bf79780bbddbafd989a5801e.png,14MIR
58cb5ef46e529887aa6d0307e5a77d81af1a6c62.png,14ZRA
1540c39e84d157dd80ca4766b3d8d3a71aae8c32.png,157X0
53a038503ed110030da834a0a697f103cd41cdae.png,17EGN
4c8cbf01452d6ad77be1c4ed67877fb24848c077.png,17YOZ
c9f1f93ec819bce2b8c35412119e26ac58c27601.png,18SH9
f13877ca9b93c8decfecfc6fc04c2719b52ab341.png,1A35V
5ab2369c034cc945562c90a78a1a3c62a7bf0d26.png,1BAPN
aa8f2a6ea1f51dfd4b4f6484c5f6b31464605d3c.png,1BPWZ
d3d37f0e25a4e0f0c1a61d4c10a9236fe4ef6442.png,1ELC7
5aa21569243127eb76832cf35fc1cc37f55989df.png,1FUND
df5d3563ad517e4c34bb5b737da8eada1a111caa.png,1GY72
56dd9e83d72d61734f64d04de13f9574dda32a95.png,1GZ8M
97262d08ad3b0bb45019139a1299589fc76691c5.png,1HKK0
a23f6b876ba13ae11bbdc0508aa1498b5ea91f2d.png,1IFCV
b3b13cf5e298035e2f9967992a4003f636060017.png,1J23R
0d1445ca4a6a7bf619c20ddfa678280502b4d3e6.png,1JWZ9
18daacfa57cfae4e56d26d1b22525b254bb93132.png,1KA7S
828c4cdc30004aadf65a569327ebad9a6c71c820.png,1LH6K
d614612323756618d4eca68b1f22195184b57e59.png,1MXRS
d216352db718db51dadfac992607cf9df2d2e455.png,1NWFZ
06a15dd9130dcfdcc8b9f5e92e9e2919becd9f40.png,1NYIO
b71cdd6e51ef95157fa0e483751a06d5964904a4.png,1O3FL
1847dcbf19083b88af9f39e6540832a5b8d62a41.png,1P3XI
80003edf59c283ccd39a6c898ac8244662b6c9c6.png,1PXCA
e2779a4b437dffe49c2d9811f252ac7ff4d58b35.png,1RXFB
7d5b0994be34441802dd7ad81a61c9efa6685e4d.png,1ULLO
16beba76c9d76af408cdf6f16a564c5fb24efd88.png,1VZTQ
8c48be30845ce5d8b459fbbb44a12b238a0d0d1d.png,1WE43
d28400d4334ebf4c2df6fc485bc2884b9a3d68b1.png,1YJU1
96aa5a29c23a6997fc532f322b7026f60acf6f28.png,1Z9MH
866bbc94c31675bdb2dfb91abc8d16608a661043.png,1ZGW7
f5fa282d9116685a3dea838a19ff0bd94901dc24.png,1ZLX3
e3f9ec9b6fd2a4cedc71a326d1b6305ba50664e6.png,20HCW
ad4c0d3ef62eff783db76b1c017a92453fbb3337.png,21OGM
13588864fb04c9c55b968a951cd923bcb8073cda.png,21WHV
7adbc76c91839ae2a09a7df3fc4861af66990e99.png,252YX
55a850700ebd90ffbe40ce7084275e1cf7fd4189.png,25BS3
f87b97e71f7600e929792b34cdf811c88cbae26e.png,26EXD
32e108b4b65fdec41b806dcd7a80ac6c8cbe9887.png,2719D
dfccbdec04d7384670ccb8552c6ede128f220a20.png,2EZSE
6096cfdbc840de62157d434fb30c63249396ff58.png,2G7KP
49954aa4fc3fadec4b6f158cda70c8166be7ed17.png,2GG3M
61e24625e1192093e8cff4c2ca0fa39940f098f1.png,2JKT7
9af0fa2a01524fd5b876000d170e61fc67b31607.png,2KVRZ
c801ee87cbbaa144d4207ee55c86ea431cd21bab.png,2LWH1
95283273fee5077e04e0c8f0636f468359a0990d.png,2MKDB
50b73bca3a29eccab9470accab60da75caf1450b.png,2MLDH
4bb8fd7fd169b403c84f55040b91de41836b5f55.png,2MW9W
319de4dbc5b858055b059cbcb4a74124fe2e9390.png,2N7OC
d89bedb3635ef899ac24e2af4f21f086850d50b9.png,2O157
7382ef81272904c82b317c6c071f1001d15ccd16.png,2P1XU
baa4141b093ff6c60235ac32b6b45e3629fdaeda.png,2Q84L
3f698b1da563a353d192b222c0cb17f492553a46.png,2QEDM
ccb5137dac04e9ee3b2072c2f69e40e4d96a4596.png,2SCPU
b31f05d1598facb2ad04a8c564ebb9d1a7d8f669.png,2U9UQ
41d016872878b69590806c29d0942708522c4efa.png,2UHNV
8121ab478925b416f3ca4ac66db477ac3fd22415.png,313JG
28c2c2bca13c2cafaae2e71e2617ebd86aae219d.png,31G94
1f0f6b3b7a6b1351f32855358dc59ea1dfc8bc30.png,33ITP
2b567e5a476e035a6f7bc870695e45af6894fd5d.png,33MO0
85d79a303980c5d41beeee1d534ef4a62e872992.png,33Q5V
e9fae95d8c2132baf83f234097eede6b86fa0b9f.png,33Z5B
da14ec9e57dec78ff99c1d645af8d7e8cc4a567f.png,34MKK
e1983682f5ab582acff96dc5128d4b6ecb2c591b.png,34POS
7c2afc83e8046a74cbecdd95fd4664acc326be26.png,3844H
f39c04c88dc6c124af159c09b6e9294b80d789c9.png,38OKU
fe5d674e090d26cc09d72fdfa4b6880f1599b3c8.png,38OYA
0793ea9ad30e3f4904a6b31b8f52925909eb7949.png,38R7P
1126ce7b8ad858b83d8f45aea8b6b7f64aeffa71.png,3913X
33e02ce736f6d37ec46d86b9ee2843b4f6a1de26.png,395JP
d4d6cd2f5a2892ecb6f6c0d03dabbcb8c5286b68.png,39W6T
6568d98cd905b353a107c2f4467f9dbadf254a4a.png,3AAOQ
6899d7efcc7ff4e0628866004db6c179fd29bc0b.png,3BK4K
d381a03d07083e1fb2d01c3030c8dbc2e80aa793.png,3D3R1
5fb42246c44f6dc6428914fea4f0cb9a4ba1b73f.png,3FD5D
2e887b1a89cd36cac7df56fa6245071709afaf8e.png,3I5TH
a2a3ac7c56b6c5d8fca58c1289eafafa112179fa.png,3J6SC
6bafaf5d4c8c3054370454c5895865eebebba8d3.png,3K1WW
42742062b590cc2965184ae8fe0ad401b2f4f76e.png,3LPTK
113039c9244335a8a1c2c07d70af47bf955dd721.png,3O1IF
f91294aca2e5aae070d3d066ac0b62c67b5db6b6.png,3P49D
10222f868eab03b007fa0f7acefdf48466d6fec3.png,3P9B9
5a6dd49f2893a1e3dbcc40d610a78d142bd49db1.png,3PDCP
b18226030169f32013e1a324c3bde49138422e39.png,3Q4BS
a0c902e1533ad36549aa8c5b5b7e6cdf7a8d1caf.png,3QD5W
0db2a66f2017a26a6b7339c5da13837c364e594a.png,3QE9U
5e4312aa6caf508c179bfd946ddc0b54251a346b.png,3SD77
a8731adfba4e596eee70cd81595a437439dd36a4.png,3T51B
398feb7b3d9d4ea3c5db2fa088bdd65ec3c0dfd5.png,3V4S3
a06ad6407849c8309a1fdc053880e325785109ba.png,3VNXO
c0af8849cf12aa236aa012a690639225fd174289.png,3VXFK
47313850517a3d65c74f24ada1ada0f609e9192b.png,3W50I
6e6fa8fc4e78ae4af8441db5f54ce7b91ecbdea4.png,40Y71
f2ec3348ebbd3b0d640696f3cf3d09968f26a847.png,41GNI
6067bce122a905c8321ea3aa606e7a51ea4eebe6.png,41Z5K
c0a8ea3377b56933454aa7f39c6e151514e65377.png,42IIP
49e4a275edcb7f7e056445748897aa4e8338905c.png,42LPK
70c80e27413d06ecbf8f6fb6464e134422f44c0c.png,43N45
a6439953cf0a4ff0dfbc64409ac04140979c4c29.png,45438
04762ccaee91e6f7a34da9aa909f918ed5b5a54d.png,45EGC
620d2ce9fe1fa5d00a5d059dd4444d5015066b62.png,4752N
4f8f7e7d52eb269f91b1a3ce63c34b1d00eeb43c.png,476P5
16b6ed71fa2897ccad2fd102c13eb5f7c0851475.png,48OFT
3278bc9b973f8d6c6512ba4620e53aff4cf56c49.png,48W4G
19f3a296807578cfc391fea8b01065ec1bbeedbc.png,496E0
d8903c8e0741b27a609bbeb7accf865943d5e323.png,4A66S
cd934c65eb88373d61585f72a796b2b5d5ba7b69.png,4B234
a40a324389f98817ba7b387a32de2e65cd725c99.png,4CEMJ
2625969be9e9029828bb98fa321f93c78d8d53ec.png,4CSZM
42a02cdacb7dc5b4570b5a58b72b6b8ca04a4a02.png,4D26A
1beb2d667c4ee9a3ce7a330738c5c5a072fc5ab4.png,4DMI4
86f267506f181f07271cef5ff0da8a56a7a48083.png,4EMJ2
3b94a00e97ef3b73e31d0183388f2cbe02d7014b.png,4FQB1
56245157893505fbbd5ba96e1edc55f1675193ac.png,4FQQB
788a4013ede0463d13e46668b0f2e072210923ff.png,4G2K0
fb6e1de68b6295f492f6c338bc37e638e75fa31b.png,4I102
ede11a772fbedf6c99cf21967a73e26310824be0.png,4IHU2
0c92fa919291c71ffee92c8ea28b91efccbec67e.png,4LF1D
582a3438746c2c5019ff0146ea8182b641c7863a.png,4LQKI
80e6da7c1f6c1cdb0a99d40ca560b029890b0609.png,4NCKO
2e72b0d8767f99aa7cd8705bc496256b04252d42.png,4NN76
19a9dfd717ec9e1059cb701b507400a63a03f8ea.png,4OBBS
ff3b452062e5a0c614880bbcd3eee214e2eadc26.png,4ODJG
32ce1a4819fbacda4096477ebee9b047e6179878.png,4ORSX
34bc782fc55edffe4c1b6a26f75db1103e72e566.png,4OXL4
fdc733327287c4e83ad24048e57ba3c64fcb4096.png,4OZ6T
a0ecb45bfbcb77a9b35592c47b9b191989e57bb8.png,4PEJY
cb67fdbc3a9064417fa907fe173da4419c220d12.png,4PJ4E
a34d8ec82c79c77d7d366fdcced538950b04cabb.png,4PYLE
335d288de5c6e062aed8b091119183458628a11c.png,4QDTJ
2745949497e79b3904e2291635c7da05c5908870.png,4RVG2
cbef375d7527b67fb3bd36b255c4e34a491456d4.png,4TYYP
df6424eb5eecdf6ac27d7e0d65bf75c39a0aaca8.png,4ZMFG
ffdfe2ad6a093471a6c044c8a885a4de057f4dcb.png,51LRN
9f211bf44035dc74e4e3ef9c21296ea5c4caca99.png,538KI
bc0de96da5b9e5036aec8e681f4fee1908ca6e96.png,53IFV
bde50380bc1cb4bf3a220377c1767fa208823d4b.png,53T7Z
ca15353ea5f76d618d80a407a3d17307c9f41716.png,55YER
052c36075b09d4f956e94df48fed19a206d95dad.png,56W9V
20d36748da5a10cfdd27935c652c7d885eaeac68.png,58OIM
1182557eb83db57fbd3c9ee3dab8b2b4a2ca9fe8.png,5ECZS
7c0950b35263ea3ad95cc53acad2fb2cbd7ebb66.png,5G8QW
1eaba2ab393d9ab5264d8e378af99656900298d5.png,5HH87
06e010faf3a46fa05d2d0f59b7e7b4fbbfdacff4.png,5HN1F
3eff7f363630368acc32c039fae4c1352bec6ccb.png,5HUT4
daca5925fd6124be8e434eae3e5a90ff7beb4a4e.png,5I1VD
1edd44e0c1d64f094451aca1202a311d1263e18f.png,5JNFD
95d9d4468e10864cd7f31b923acb640cef9fc5c4.png,5L6NM
1d4ce481eb3abb716acb6daddce99dc078e2d1f6.png,5LWEI
1ee35058f4531a6abe3ee1b9c9b749309ec20c43.png,5NMT3
8df3c676d8aa9dd3fe2ec595654d28d73d3adceb.png,5NUAX
ee556eca72017bc3287ff6ef3c00f2b150a904bf.png,5NZ3X
8f73498f876fc490810b84f45ca956860a578300.png,5ON4A
dd5354d84695b9a2586bef2932d37e1f478c8f29.png,5QDBP
f5b4fbda08bdd80da2be05b8ec40b255b9ee397f.png,5QWCV
2e84c02206b1f466791c977efe68c553da91b85d.png,5T6ZG
5ccd66b92a974f5dbe0787960e331a049886662e.png,5TDUC
e769d94b6ec3399b61a479505db29d242ce642a5.png,5TH1L
b9b41fd75639413df2283e8900c25e0474b32aac.png,5W0O1
84cc77e0c3620adc9522c4c5a7d2732155906fe2.png,5W68L
6e2b8200f6acbf37d54b9e65483b694544834030.png,5X7PF
5938491397a2a785d211715afb8db95f794539ec.png,5Y295
674f838acf9e46706234311eb082228977ed86cb.png,5Z2MY
0ed0cb01321340048af747109b6f3efb1c74ca94.png,5ZGWX
dadfc3f8845b761274ec2eb0b0afb3e8003020f9.png,64OBP
30e523edce183c0fe08560656d2face0b8a4d01b.png,69S2F
72374b834065c94ae24d312631426e24d3a45ff0.png,6AVTY
4706b2f92d7e501466f89a6ee874fb3fe18b62a7.png,6EJA3
cc93ba96e05040d7ffa54ee33c3ccc47ea1f4aca.png,6EO4Y
17ee202293e0585408f3b759b7879061c538f7b6.png,6H76D
c9b308a2291b55ff754320ad6c20636f1d822e3e.png,6HURR
90e2d75f3bad6da3b3d722774a85bef3d9c1a068.png,6IZXG
8f4632605b9484356dd07511be0d90ac70f8ff1e.png,6J0K2
ecc23d3c7e27303d197e6fe2402c28d48cb82443.png,6K7WS
5f883261c4824ed3bc54467123851c0b28defe03.png,6M7O7
8945c3b7329a723bf30c42f89f5765960bb82834.png,6NFHJ
2cb0a63f07dd5ecd5a283e93e2245869fbe18e3e.png,6NXQ2
b762497c7a6922a6369c7bbb1f062058288b6fa9.png,6O64Y
40bc3ab6132286898a467768dfa66ee68e65fb7d.png,6QGOR
cc561cbb55f173dbb8c6c95baafdfcc9d25dbbe4.png,6SM85
dfb4749b027a98e671844182814492f14f0417ed.png,6WH2X
37e5d84f8cb853af8aae568cb742919227643aa7.png,6XK2N
d2befed3c3ec1899db5cfa739ef94f0af9e3e957.png,74J6U
d635513f01a50023f9c315c512f4c692a48831fd.png,750P9
7217f9fa99c09334946d763b980347df4b5003bc.png,775GH
af5a4cce06703e97f982b75e82437c45766d06e9.png,784R3
482a0586a883070deb48ef1412c15a1d7fab6e10.png,78EZS
80a33af96f915c3a1a10161d42e9ee7ff8d64f09.png,78GR1
3ea84034ee802d2596ac3debabcbbb86bfa96fcb.png,7AW4W
283fd0525474e274cfea4a54345c933abcc91e6c.png,7EDRW
b45fec6e7a6c8bfeb52f3d20dd8e382959b44bb4.png,7FCGL
52bb384fde5e7532001b6dd5d12b67610c4d4d0a.png,7HPIE
a67bfa2a8b10310f15c429bd6736d8747183570c.png,7HT7L
4794b9836b6e93c6e94dfb4803f8506cedd76691.png,7K0YX
7d434531c93ab84000aac76866f5c8218068db8f.png,7LY67
33fe309670eba872240c83349f7d7a05ab006788.png,7MAE1
55efbab65e4b9e56fabd5816939b4213f63e6697.png,7N9O5
4aeffc38bb936f562fd6ab5bfe2ef7e34b81e17d.png,7ONOX
f035d2233e88f58181e7cdc01cc83a2a330c3a0d.png,7P1CD
2888e7d8fb0efd84e2dbf12ed0b0ca64c4a9f303.png,7P3QK
39b2a1d0d49aa702b774fba1af0b8913a75a5c96.png,7S9P5
0a61c051a5329f46dd9e3bf5103ffb23d88d0e37.png,7SQH5
f7f6fee6f7c36904b05c3d1c43dfb8f12806487a.png,7U9NW
4c6262a1877deea8d674b19ca8fa127374184a92.png,7V8TK
391eb5fe4ee7f32662a67a2dc697f9e29b1d5029.png,7WPGV
34f36a8afec7549ed5295415c5e95f6b7c95de8a.png,7XHHM
a542f6d3d8d4c6ea5fe37ef00c9089b3728e3461.png,7Y7FC
f0aa0e3d231d3688a069b6c0a8b1331a88acdd8c.png,7ZEAK
1b2e6df18bf1ef7366450a678a38989c8ac8eb37.png,80QF8
77d69a8cb8507508d447d8e5ed9c7a6ed29ac397.png,81YH6
b9b79309ebe81b35a3f9d4da8788963792521a97.png,833GV
1ce02ab500f61660b1bcb892cfbc88a68a361139.png,8375G
890c15656e8f44829b9ad09fc4e295567ad62d6f.png,84W2L
9947ffde78cc786d8d3ae73e9d4a0d9127464585.png,85NR9
1bae985d3a7e38ee2ee45c309d376fe2a9c26185.png,86REC
84d850e89739e5f67d0a3fcf1c32776d839cd8ef.png,88F5B
3f79b728d38a1f185c20af88c40c611160ff6fd8.png,8C4JY
62ac3a7a972a96c1e58f3f30c269d9caf7fbfa67.png,8D76Z
207a762204f8e9eb249ca8a6dfd325d8adb534ef.png,8DRKZ
ec0a5ff93ec5be64c6525294fc0be00942b0fa58.png,8E0PQ
b3cb5c39c3be79d098278302344c83d9e7eb5f0f.png,8EAC9
b93669ebf5c727935fd1d8a4f3fdb2efa80691fa.png,8HBFZ
70c4817b49704718ca1e7a02699c2e90d4e6875a.png,8I4P3
ba2f51e61a10763726791627729a3d698d26932f.png,8KE48
c87fa421bf615165cb12c54f2cbc9c100e210b64.png,8MK7Y
e08609d60618313038b89a45eb5ec0c31620b888.png,8O3I5
bde2251f28a09c601df836a63e72b8861fea7c64.png,8P2AJ
9ced89547013d707af2dea945fe0b42057d8e84a.png,8QJ8G
b35c713635103de5e37c5e8b5ea7eb45b2bf51eb.png,8R5CD
d56473c9cc2b6e0e1a07f33822f12f369ff8c705.png,8S3O7
375d525cf8669dea2d4d82636deb1a3463136958.png,8S5CA
e82f6e2181409fa2d654245318b6993d5c2ed58e.png,8T1C5
7cab9f9228b51a1cf6b74545b6c37bb1a6f1d73b.png,8TAM3
dfcd0e77abd7725ab4ebe7edb245df0b78d3b6b1.png,8UIIW
7850c4c8067bf8c2c353e3f8ad3006b3b6d059e9.png,8VT51
c994824a9646eb878c383850b6415dda0f0d5f69.png,8WLG1
d6c3ef1c6ab3f38f6b5a251dcb0b30f9c7188731.png,8WPTS
f8b0a922d34a91be248e468580aba824f026dc4e.png,8X06O
5381ac8a75e1fb2a790eff5ca9e8040468299d98.png,8YVND
f09d5d0f2a08d70e5ec073c5a7ae9c2051c501cd.png,8Z74I
036023abb5ad8105df4798114b50b4af83ddfd34.png,92P44
4b65331ed92f4d98af2cac4f74ea07e140eae943.png,930DS
a6e3658800843540e5964c786e8b362ee88632f4.png,94SD9
544ec2332189fe4b69f95e934cb0f4f414e7d3ad.png,96EYC
5d35eb151de341d79b33bc66b4cd1c6501104cad.png,97V3R
93b68f3e845f12516f2dea70922e14e4100247ed.png,9824F
27572724765835fd1a49018618ecc288f626a538.png,9AZW6
901d1159ace084cda4e5648b44245c05661881f6.png,9B13Z
4e148337934230f8924c0e9da456ba1f82a428ea.png,9BL19
7cc58ecb71b715bdecb494a838d253f8cd7ddeb1.png,9CKSN
b2970283db4b273266c04577a5850b9dc7deae90.png,9DJ99
5ce00644a39c9e1bc23551e697352e69f55975eb.png,9EB92
fdb511425f986944c06c1bd4c66438be62f0fff7.png,9EIX5
e41592163cc5a3c16410e834e618a5dbbabb428d.png,9G6HQ
9714d2645711929851aa79887ca7288ddf721729.png,9GN2C
e4120a1687196a1279a14f7f2caa7baeefdc4d18.png,9H5BO
42ed9b3c966386f25d155298090fc6c98cee9a17.png,9I12N
a3ed2e55d0412521af44d7f9159aca0a8dca760b.png,9I4K3
aecbaeff9f9b3115b45edbceda2942c7cc80a80c.png,9I7Q2
45c455a26bfbb66e8dbdfcd9734733176a31f9bf.png,9IDBE
9495f1151cbb10256e190194875b6d17ccb72bb2.png,9MLSO
49b1783c610d0b18263088f702bea277c78557ea.png,9RUEX
2910649e5872a38f8e36334971d90406fe2f343a.png,9TL4X
7c52c47a0db6704c9d6be1caa6d99e70bd3ce374.png,9VN0R
5f34a285c3a51b97488f4bee06ea7e56fde4a993.png,9WKAR
bb91b8a04921672d87521b27fb425878929ca53f.png,9YCRK
36d7f058a8109185677a422dbee047c9ae12575f.png,9Z1BJ
971171f76635c744e20d38c3a32dbe03c038d4c8.png,9Z6AV
df813c2612c556c1fa0148031a0a5b3b3b828ca9.png,A1E8R
3a9158acbc3c1300bc55e062175deaec5c238e6f.png,A2R5I
450f6c8ffcd53128cff275c97158db46bc164f43.png,A4P1Y
8295aca39e5467b4d65b1d6187f83b59c12ca365.png,A5SDA
31516f124aff964aba904916d8f36bc3564d5718.png,A6QM0
d14e98131497ecf163552b37fdd2caffae9ab9de.png,A6S68
89d91e3e7099ac214ebb8cee2b1039267c99a4be.png,A90D9
c6d9193c54172f8d7bca8fcf723e7f11f133ef64.png,A9D0Z
764204bccfc6bd23961df5022e3e69a54c6f9ee9.png,ABZ13
2669820f02b8637a75b9c43ae6d2e2293768dbc4.png,AC8L9
6581265c02e243383d55d5a0f327159f259aac7e.png,ADLFJ
213d2aea687c9d0270d397d38a1ed48ef5e3f5bd.png,AE71C
8f3949428b8db6211e66d105c4a7403cd3e24d96.png,AFHF5
0884be30b65e6f84ec48a5366c6edbe441abf15c.png,AHKCJ
0a3c7b74e6d8fc0bf194a3c2f4dc0ce7806362ec.png,AI5F3
65e4e5109ebd78ce956da13bd60ec04773b9bb39.png,AIO13
29eeb2069fe6dad75d43dadfb0027dd0efbaa471.png,AJ2J5
bf2a06ab7a6f94468ded55005ce73a93e425fa65.png,AJH43
bcfd4a999290ab2fe483ac541c714603c2fb6ddf.png,AKMOA
994375ad40fd39ad7e097ef34ba0aa798f8c3d20.png,AN2O6
03e730da4d1c6221cef8712ce3a751673540d381.png,AQ7NK
b59fe43e017f5e02f7b7ea5c7041005061835363.png,AVEN2
28b67064f47b7f7100d7195672a8cef58a351d20.png,AVX9S
d977de99efea1e563ef8fc00ea2f911d856814e4.png,AW66L
d827458d06e87c1062ebb74b765d55d594e4fd6e.png,AZYJL
53b44ef13016e341d33e71dd0b3e0fc6a7baf89e.png,AZYZG
e567a4e0c274f544e71c183337173679fe61fdf7.png,B2N2V
964026b4fbeb991bd1fe11666592e5ee9cca66ab.png,B2YDG
0177fb47d2efb33a3ac3162059afbdf794af9cad.png,B3MES
1e997dc169d3871f8a8a00fadcdc31e166e0088c.png,B5OBT
5c15076ef5d50d1cf400c1f21934abe04c2ab67f.png,B5Q4Q
606f8c6a001bb6da840eef3c7c7d4dd741f501b1.png,B6HFF
7ddef4adb5f39890fb7bfde2e18232ae5fe7d624.png,B7J8A
6985658a0c5f713de41dd32243ef2a54b6e46b91.png,B7LBX
6aa011955959d7a5642ff4688b1fc77be55d1463.png,B7SDD
1cfa312c6fa1108a0c512e74d3c5a5b6f9e6f6c6.png,B8DHX
9801f2fece973b6fafed41fde80859c69e51c509.png,B8ORU
e59982f8b0afbacadcdccccbee9a37291e721e30.png,B8UWD
b1873a4978f51b8434863e61cca2990417390c44.png,B8VN5
108ee25b446e665416246344c2dd57e9cdb008ac.png,B9DXY
d60c6d474c28b667dde868e1f0bb2827e4c138d0.png,BCMVO
f159566f05385780f3bc1c5769c6181a186f9c06.png,BD3MD
3d3f73a93ce6944f69bd9f605991d0b06bc21a59.png,BF0S4
71612575043cba29acb6664d99392894835a4cbc.png,BFFAL
ee8efa9521b9b6c8dd30b60693f76302bb7f7b87.png,BG83O
19918d51af56185f9a27451dec36d367c3303837.png,BGS5W
e7cdb86845ab6c6e95af8e54e280b4c69561839b.png,BJ92C
35610ad1e52ebca883c136bee53994810517c5a7.png,BKSQL
5b942e1e5f580cfffe1f5c2cbef76df1bd7e7c35.png,BL9SA
3916604538d6fbf10e86d556e4752e76acc3bb16.png,BMZMP
4839705b41ab3ca0294919dd531c08ec7877a0d7.png,BOR3N
7e681b975d36b74e609f8b997cb550ce9969d413.png,BPKFV
bb93794c4d51122970647f84dc31f16a4d8cc644.png,BRLWP
81c1f6c960dd97c87244b217936e259c1116620c.png,BSI8I
b050e7331ce5c4454871215b593196f40dae9393.png,BTGMR
1b31113cd248f4ccfae49de326b906c72a95de44.png,BVOUS
d0dfb76b546ed067dfa0e830a0d932a88b09050a.png,BWIEA
4239bebddae05b539d37e917881a7cf9b7070516.png,BYQRJ
9f9d173aab54e982c828a549855c83f69bc76527.png,BZ6SK
ec4aa6e4904d07d53b24dc38810073f0e02876e5.png,C16UN
a56f9eae3ef9e45ee8413f0743ee03930fcfd4f0.png,C1CGJ
5255c8f2913014d217ea37880912a83dd2da4bad.png,C1I9U
b239815711008629aa66a612fa24e10e07751c8a.png,C45SD
7dddc95b7f65a477a9d49de78636d28639172522.png,C48IR
1d5d6b8e3f24a43836e9a127307c853dc6f072cc.png,C4Q4Y
e29aa3e6107b4a83e3b6763327f0ba2dfe7a1f91.png,C58VW
7834d16eeb2cb7d3c76df171b8ae00a4d6250238.png,C5P9R
9637bb799d741b4922c604875f48ccd3abbf90b9.png,C6KQA
49138402c2841651d2b82ff01db966b545f444af.png,C7GVO
38c638b0dccf6ee90805cc2e1ea04acb160380f8.png,C8NZG
ee4f192710da12a68853901d7b54e39221a7b245.png,C8XH9
5ab36086aeea4d92de6c0709cd81f76fa55b39e4.png,C9XKK
3cac19da4607c304f73f072d2feac1282ea1ff13.png,CCB1F
ed7ec874bd2fe9529d67ec43f1a4797df3bc8b47.png,CDXSI
d2df1b7dd3e5e3b7d59ea49ee7a531a564cae385.png,CI1UT
001661965d5f02127a64ea2013aebcc60be3189b.png,CJRQU
740ce644956d7c4bfa041db31256b9c2b0dcb3fe.png,CKGY8
f2a16aa9661471015b8a740e3feeb5511ab6af4a.png,CL8ZA
850b591238d9fb0fc69f40ca9b9ebfed3c6f2a8e.png,CO4H8
eb3111e1b6652795350c6e93e1cb4d17288b3065.png,CQ5RN
21ee3094c754c4c52ab99919472f2e67d83bb613.png,CRDTK
6a12249b71a38c5cbac8b0674155e785985073af.png,CSA4W
b6e05df2182dea17930738bf6da378b66b7a9b06.png,CT4AM
6f68fcd4b198d4cbdd5a2c7848777052aa206b8f.png,CWE87
1b1b5c34bd131e36d531a2dbcc175c14b29b9e78.png,CZ2ZP
846d70cded31a08883962101e413376cd99c044e.png,CZPGV
d6a2dca900d00c52e98c75bd8743c8c316a33297.png,D0AX5
eefaba68dd357c869a3d1d8e6b8013a1cf7a5ed6.png,D0P6I
b00a437d016ec27945da8059fc0d624570d59faa.png,D1H9G
1d06b3b9f1e2ddc00497451ca66ba22495ec7a77.png,D20ON
686acacdcf6de117ffedb0d30987ad7e24626abe.png,D23G5
2944df9e20ad6664834e95100c44deaf3543f23e.png,D2JGT
b4f4f6f770489dafe9342e3f7ff3f0231f1943f6.png,D394O
0930b49fd50012f03720a794c92d382a8c7eadb9.png,D4Q0Y
cc1407da7d4bf26cc47864ee462022fa3b269965.png,D5BV0
e0f575315bdb64be5c37c6ed5ee2e69a1624da6a.png,D5GKZ
c033d9ef1a57adaaeba3aa834e5ffd024723b6d9.png,D6SPK
2b04f2ac8d552a06f0829cb91e2297ad4e8309b3.png,D6YVV
3f9fcb88bec72d3ee648394977c9ecfcc401e14d.png,D7LNN
f2240c5dacc62a9bffbd3f71f135f7fa158ed222.png,D8LKH
67fe8e7580aacad1b2ddd4b6d641a155bc8d11d0.png,D8RFN
0fdb4e249df4cc2a3b9c8c7bab0d84d5cc4523b3.png,D8TX7
def43dc2cada353d4706e0a36064aecfc391dc02.png,DAG83
88e2d552e9ac341d18bfb6c3ddea2d579c1d11a9.png,DAQ53
cd4ce7e431268c83ce65c246c5df37511d263689.png,DDFXL
8eda71623ac18b9158bcc85fac7e940a7a3fd7cc.png,DEY12
23890579fe57b979d259af0d799608ee494806b0.png,DHGQR
8c14ea75bbaf85c4ba069c0a6f04bbd016ac1b9c.png,DM6SM
894632de5ba0d5564c10189ea86dce90ccb34ad6.png,DNKN5
23ad33dbd9972462c68198db36f1b3fe60e64ac3.png,DNSRV
30d873a2d06d470cc4361404b53f3a96c95d4a65.png,DOOZV
cc82d9b233911f045915638e4ae7cbde54581e4f.png,DPOHH
39b8cb0606e8509b292fc6b31864f459e0b2d817.png,DQ2NG
eccf6f17d39af32217611c60ac6b11e97ef8968b.png,DRO6M
03dc97e24acdf1f497f1fd89836d441d7e949435.png,DV974
75a7b1d8411ea72489b11b1af42c99412a8db665.png,DVXUM
b9e928dabd08509ccb3837f62224f52c0a426670.png,DX8D5
789fc28f1a7ff1b34b6fdc9aae96c3cdc3d2230e.png,DXO1Z
550ff48d186bde1f0e4ff7a6f1467fdddb47d493.png,DZO1D
df431f89b7cee94c2ba6c9e7cabf323df2b6db22.png,E21GU
6c9ebe770d783d22f3ad37625daa3a902bcccc57.png,E3VLI
5bdc01142dd2fd6b392522a8178596855626f120.png,E48R5
c85606a57de12bc07ed74654aeedb3dd7da0f29c.png,E4PSU
43eaba0e13a09055610d5e15dd3e732c32a6155d.png,E5Q78
ec2d7d668a7e59d255191dbe277772975e4aa2a5.png,E9JVB
56b03f7f1246e125e28d7480f045d3c9d161efad.png,EA51I
d39315a28f01ed5dd610061cf18803e494a1c8c1.png,EBR8Z
5cabeac5e3dec38bd99d326dc12fb1a59b62996d.png,EC1P9
afba9bba4b065d8e7aff6376a179db52e3e282fe.png,EC7R1
f25b2b7ce3cc1f754f100ac008f0067783e72863.png,ECCE2
08f18694152cbd978379f95239f61d218e97166c.png,EGL0I
83d70106ffa3111c225bb33e7d98a34f2d7a9723.png,EHI3Q
9209bf4f444c9f035998ebfb0780dd842a68293a.png,EICEQ
6ee317f72385b5ca8d239ff23ba11af483a207fd.png,EKTIC
e700ab1f2dff2c2f1e42395d85a8554cdfb55edd.png,ELSE6
001356f993e77427dcdeb97f37bb6c51fcc5d316.png,EOJ8V
77a0c0b2ea295307528303cfa45a4d6494f41a76.png,EPVWE
32cfb9b06239d894ef4ffca5c589dcc2dcf88407.png,EQHRC
ba188376efbcc517dd619362e13dfa820b0df750.png,EQNKK
67ad7947e2618e5df6d055a9efd8f6487a285dcc.png,EQOV8
82ad2848ebb7d4ce7d2ad38593f3b799d032708d.png,ER0F0
041693c5bc8b397ca62ae989ec6c7b1108507b0b.png,ER0R3
06472f41bf20a1dc741aa93496379fd7bbe0cede.png,ERW43
8b1ead7508308e28c7edc49769d857154c6eb9c6.png,ESMY4
ba2c8e296d3978f59abf578e4977ed0f9af6fe61.png,ESV48
4ea0ce193921c7cc082132a05fb1c47e83567560.png,ETDR4
56663174fc6447c10c187a5456355c46746b9ea8.png,F1BUT
4394c9d0eee87b1f9c1f4395f7ccd4d3bf4899fe.png,F2CIR
217279ea3f04bf17ecac8eebaf969a0913002a38.png,F48QA
2bbc96a0fd4671f3129c8452a0e2eaa986878612.png,F4G4D
f38de35725684cf2597072d7b95ee0bef0cd8517.png,F69D3
9ffab445d7b13bc3f79d1df6f6bcf1428663b9e8.png,F6DWO
f05c824970bcaad711f70187cbdc955c9e2bcf47.png,F73F3
1fe42bcaaa98ffbcff99cfe6573a53684eb47116.png,F9XOR
9b3de6a656a8d6046154e4eac04f0c3d989824d9.png,FAN5R
bba568fe326f50106d3cf8f39227807525b53d58.png,FAXYD
e622e11f48444b82a13beb948e301aba93f32017.png,FBI1W
a20ba8d58a3fa1f08a55f9e9a00c8eff211622ec.png,FFDA6
5f52099d5715c2da40cab255732e96031b1fd4dd.png,FGKNM
0463be2a9fc4b6c05f6b72d6855591611e079795.png,FH7SK
ebfbf92a1285f51a97f813394abbf2adc2a28724.png,FHQ70
b5edb7f26df4118587ab985bead8c47ff4a57a41.png,FI7ER
fecf8048be362c78f6cd41e965562e69615ee88f.png,FIZTD
fc8064119aac36ef823a92e96496a86e9277d315.png,FJK9E
2763f51d81111605c5cf76b4ac5d19092d0e2d8c.png,FN9Y5
7823b20727af14d05363fc09809d9c4a24117656.png,FOCI8
80874621de0ca1b4deb7561d288df031627b706a.png,FOI2D
1d6c2582ec9df304786113b72c57df6ca36671f4.png,FPENP
64c67c9788abc645e19efab77b007b6a037f4ae2.png,FQXMU
8d720c8430ed8602ad153be9ba36e00aebe33149.png,FRVOE
26658e77300043063184a0731724eaf084c08035.png,FSRQG
1c4d6ecef59fb5af77cdced5ee6bf28b5be18853.png,FV27G
9830f0540c32da2a5c515b1b94f4496b10e08d58.png,FVXPO
66b847df7a03f79dd5c657ead3739b9d70df0fe9.png,FWAND
61130abc3491dea1e245f25f8a49712878bb5b3c.png,FXAZF
6cb578cddb78c1f30389c3d1437e2ceecc037d09.png,FZLRN
48749701598e1996664c86aa6328ef4964742b6d.png,G0SEC
70c5ceb15e4d8fa2a802f6ac31c6794d34be7ead.png,G1L59
c61a83e44806cfdfeb0654140eeadb08a20cfd8c.png,G1RGA
1d4a4c7e516d6aabef9d813d5258b52691e34e2c.png,G253I
29546567aa8c438681b61cfdef56e93e1b760ce7.png,G2CQ4
a39f324296914dfc0245dde33aa094000226e461.png,G31CR
ec0a7475ac2af82c8b1d17ad48bd680de0e3cc84.png,G6MW8
0e18846f291bda8ebe686378cc31f3edd0a2403a.png,G77YW
3fb8e038f2f594d72a887b53651fe2cd4e9d52de.png,GAROT
5c5ce864213a5cb8c5c6a33c47d68d978ee35d83.png,GBF4T
1af647fea6b2d94e58e21214ece31b821075901d.png,GD2NO
8482a6bd23250cda18ecf3e3fae0aa594c67e415.png,GDWGP
27dc1e1b66e2db5405b269a8171556b1aef3de34.png,GEOHT
6a05d8706e324a89a1c294e0da6e6ead5e97c4a4.png,GI7PX
873915b4e0fef8afce594c83d69e1e948aed780b.png,GL9T5
fd9047edec18301901accb415ed8420ffcefb6e6.png,GLJAW
e1f82664b30f878b7236baf54f127b9b7349751e.png,GM29P
548cc1a68fa7a1c5ddfd1b1563c98f37f3088cc3.png,GMA5E
99dfe0c987c05f7fe5e7c0353375b91e4cefcae6.png,GNJGW
e8e957abc9f236d5a124988e7459336c8057c4ce.png,GOQ4I
54e3cf3aad424d3d64e174a1fdd2b3229d3cb0dc.png,GRI1M
a49367dfb6434f4529a8d84245ad17fe6eb964c1.png,GRIQZ
93df6bf3e2f39f8baee44e32b2451e06044ab2ac.png,GTJVQ
774869b198ac0a074c01b08a122ce9a5c21965c6.png,GVJ37
bde154ad5be3eeb357c19f4f2dfa57a3db0953b3.png,GXWKJ
1ae2d162675a60184e8c6d19e7622b2332e81ef6.png,H22WT
acff2f9d9f7254fac5ba068caf49cbc35ea2c9ba.png,H3FBS
15098679867169a0c50576b8fb2efe81386fb5bd.png,H3MW1
5906e3503d6bf2a510e669344b09b81a796fa001.png,H3NG5
7dc5b1fc6839b6b9d4d5301c985de0c518be61ec.png,H73K6
14a8060e76128972218e2f25f43da8cc4249e681.png,H74T0
97efe7a5a66afd536164633a1f0fcd14600838a6.png,H8CLK
b23d634c9f7296a71e60bc2b9cf458959e3a9d06.png,H8D7A
400f84621fe0d8eb5a6eebb371e5fafd517338b7.png,H91XJ
461cfe5a89359ffc4cfd96b4e6f947c54cae137a.png,HAT8H
6ac157318fe83e806419cde28abff754c3a381ee.png,HCDLF
f05869e27c9f088d94c017023e5bd50ca2a30455.png,HCPKZ
62af8ca865adec4e481572ff6aa9fe2568618362.png,HD46T
a16dbb1e7da741151cc3d1839a067496e1d7f3d1.png,HD5NE
f3eaff98ac5af71f25f9f6c2b8f45100b6938db8.png,HE63F
ea4e4227240e0b090d152b1f51eb89205f3fb364.png,HFLC5
34eec0e537c389377c62fa26a77ec7134c78942a.png,HGEK8
4c153e586dc4486e76e77ba45009352d6646012c.png,HGSQG
014a00de38d778a65789c6269eae0946ec291f88.png,HK3SO
d75c364919d004571253cbfc44093d90d69eb173.png,HKWV0
fa80815b3a68f9a5962f51a6fa8459c07b0edf68.png,HL0X7
d6b9de61c1ae3cc20a1ddce8fe13d0ce58cb2eb0.png,HL2IL
25629d85844a02b60c7e2c5e4908253047ffc1e8.png,HLL7M
455978c03b6177402d2626e38811ce89199a08a0.png,HO1Q0
28206ce521b3c196ff68edce8fd2298ad7e71a67.png,HOCCC
82bb75326112ac73ef00174abf8264a897d03dda.png,HODL7
723b80d3dff011417933175a182ce0717e81de97.png,HOHHF
c54007623878f21d8484ab17557e9984a659abfd.png,HQ7KY
0db9504b16d6dcc52f4c20711e0fd847abad6674.png,HUU6L
2cc6d965c2f61f0b32b042919026e28580b8c4b7.png,HX78M
0bc176c5bd6cf425255186b462a51ceda84cacaa.png,HXQ72
8b0844a734760aa3a5adaf7f074dc94f16ff36de.png,HY1S3
735e11256f4690ef56f26ae1fc6d7e6366619afc.png,HY47X
c57b67af5350d72353153aa0432f23d58ab3e24b.png,I3IIQ
b7bbe84ccf8a7857b580550d4f822a02320192f3.png,I4ASU
cdf519fbbfc9d0ed4c0cc6c5a821b565746e13a0.png,I62O8
f99957ebfc0c4958e2c049eef6292b6ad73e9476.png,I73X3
4806dba1dd1e2053da47a6e07dbc8f2b5cb2cbed.png,I85NF
0570bacf812991dbc87530ed320da8a4fd20a1a0.png,I8MMR
b957c5915c3e1d23cdf32df56ac408bcdee34267.png,I96IL
7ab9a3bfb8e9ddaf00c460bb0905cfebd70a3320.png,I9W2E
bfa623ab2a712374bf4c98f6d643f57c268c2787.png,IA9U3
0d4802225e97bce0522a10b7d68dce9b3b8c20f3.png,IA9US
c65c34bc15413faf7cdc307e7f53979378189afc.png,IAS4J
a1b375ff43ccc4b06096d8a4fc3a9f888db3be5c.png,ID7RV
e8c64ade3824452b2b90fc337ee160e2b9eeec1a.png,IDQEK
02e2c7ee075c08b3aec27907cddc333a75594fd3.png,IF1C2
5bc5d18437ad3314af44071691bc1c845ed7514a.png,IFH55
3a4447e0b125d5685b45a785da712113bfbb10d2.png,IHEOL
6a633cf2a4f7273d025581fa1b62b1d7e41e30f3.png,IIC46
3fc88ce37bac40e0c1fcfbda4c13d56c24a158c8.png,ILWWJ
faaf110de3f39db15aff34ee6294c5850b4581e3.png,IMK12
1a7a8f723c769aa3492f513d0de55f245b7a8839.png,IMSTY
3b7f222c7f28387d5475cb308aec3ffab37eb8bf.png,IN7A4
c139eefe9b847d66422e60c2d98e127537373c8e.png,INW8V
9f1f94344bf4128ecea249a299ba70786e43953e.png,IOGJ2
3fe8b020a13b72cd04365ccf367701f863d5eb86.png,IPJ8E
31fe3895f358e826876659a0107fc8f6587f17e0.png,IPTSO
13ab3c68cb943269c816013af077a2ba08315e34.png,IT28D
b2f8431ee389569a85a6cea1870756582c878764.png,ITRKR
e2c9e93ad9d556f68cf7ce9c16fa9a2b2950af69.png,IUYGN
43dab57f0daaef15fea485914ec930e9c8f124a7.png,IYCVW
e31abe526894a5915eb2c52d90604fb84db135d3.png,IZ631
d8b425b690e7b42d9438722855b49fe0b54dec6c.png,IZCUM
3db2678eb75282901781e3e54e010fe723d03378.png,J1ZR5
f760a4604fdbe92ca893ce239e3a180be10d97f3.png,J3R0A
e0b51f3bb02d704eb521a22de9d5050cb8c84536.png,J49VL
847aad5cd72cf79647f893eb69aa74cbce9d7aa2.png,JAXAZ
7b9adcfeef5566f3b7b9ba05afe5c231a4b3111e.png,JC0FV
21f9f4461ffb55d88c40ce593082809f85b6f8a3.png,JD4EU
784425b5ffb34bbb1371d5b80d7d13600bc3e7d1.png,JDOTG
3fb6904793521d77dd477487aefb0b51b5e19114.png,JF5AU
75c8b074f19e07610469e72f5a2d26af209f913b.png,JFMR6
7dc1bdeab5698131e220df37e8ce3ca81104ec90.png,JIWJA
abb5b69e39356f2cb6c5d641b204e4940295b9bc.png,JJSMN
d410a0b3b4b097f7b593b77ee78e21afce017145.png,JJUC6
defe5a1e42ba7068b16598e4162545500ddb5807.png,JKYSO
9f2e118fc33f602fcffbc06225303a45ac459309.png,JM0X3
0c0ef6823376a3a695e2908b4b9b73917132cf57.png,JQEGB
f7a231f84ee59e42cf7698e7c3f65d15c5d16bf9.png,JR5OT
89f0de46c1392316234bb507a85356ed1c8f0684.png,JS1GJ
e246200c67c4be4b07c3cd8400e67e3077731915.png,JVW3T
43b2d225910169428c1daa9ee9f90f9710626595.png,JVX6T
becb10768cb8b813f3077fe1b0a9f52f40404e32.png,JWQ3H
209e51cd5e8ceebfdc89ab93725656120fb9a842.png,JX9CO
208a8bd63d5b9a8f83c071336d8e448ee41d886e.png,JXXII
7c7e3b9171ad302eb813036759d26e72372af5f8.png,JZO3K
9be0af696eaba04260d6c65c6303e96bee8f3e32.png,K2URS
a4a0c031263c5b2649a44edd30e222e4a3e92f45.png,K3Y30
1a19be75d46af1997eaa271661a5fc9e07bc70a3.png,K6MT7
0b3c31d4504cb0539a0f1f36962d238714c1a02b.png,K7MQT
c91423b40ec1a24823cbdb38d126b1274f0d0f80.png,K7V3X
444e3f31abacfa64f1702378c2856d8050bbd970.png,K8DPU
9872b8b4fa82bd681e756074cbe1706ba2885d32.png,K8IFW
90549cc051c736c5e537cfb9af2241c6bd58ec29.png,KA2MB
390787e5b51cc83f1474fbde7be4d82e411a1884.png,KBM5A
1e4593ee66ffe55ce0c4114ba025d2ae01ff0850.png,KBOUB
60fb5855c3f4377b9d3613777ef36fbbfa621ce5.png,KBT23
81bccd948d5672d3469e5b7d483e373a24f65148.png,KDAOO
8d7bace899bbbdf63102c0ce61768c2ecaa39819.png,KDYVZ
6fee23d4f9529ca2e967229529ad1435444a0de0.png,KGAGF
edd4eeb58278a481e6415ea796fe3115a270eaa3.png,KIVRC
cd8bccf47b90c86cc9ad8379926e76ed0c628191.png,KKD3B
83f48f380469265b195e62f8918f4e88e2f7371d.png,KKRW6
5dd616acd6e7e9ed26d04e0c8322eae9d8a45b6e.png,KMTG5
4330eb9a67c334a4a34f46fcd15dc88d6f3cd3e8.png,KN7CE
3eddb3fa7d56bf55550a7336dcc99a80fe85e6b3.png,KNOHM
7e2fdb5cdd8a039e5ad9735c246d833667b598c9.png,KONVU
997f59b8ccc474990ec33c0b354abc93e38129b8.png,KOPOO
b2b64bd8aaef184171267b89d1bc725c94c6e076.png,KOQJ8
30379c5b1ca37c2b05aed617e1388f164833e06f.png,KQUW6
ff4681aa7707a4fb7a991171eb3b695d4543fe3c.png,KQYGO
3d2b0b296a7112e515db9407f93ab17c95698144.png,KRGI1
dfaf4855b180ee46b115a04ac6bfc82ced4bd596.png,KUGNF
49fd8ef9c7eda0db92d5b35fca606675b3edd99a.png,KUH6X
f2ce898f816c5a2113d8fd51ca6ff7a3fca105de.png,KVMVO
009350c1eab22978a5aa5c5e0621b3ceb1e185d5.png,KYTQG
2ca6c977a421bd1489fd00067f137d6508d7af91.png,L11K4
6a087f290ca9ccedd1b9e499be0eb14a372d2559.png,L1VGL
df3ab94724e256313eb76c055de0fd822b12671d.png,L796B
3f0b63fd21101e5a9609b588c040465942a1b9ae.png,LAGAG
78f04120aac1d9868ce8bba906f860e7d3535b5e.png,LAOOL
02ac7f8c04d2c85f10c89d25ae96564bdb67bb1a.png,LCN3W
87528a990fcceac1bae4cd4eaa287ac5d3f137fd.png,LDDJ8
cbae07ac690eb8608a9bb4f2082bcbe862f2676e.png,LE1ZT
ec3698666211dcee4523d45f9ec67674cdc80b3f.png,LGKE9
87ec2b4acf385362a804c0e453502b7994077257.png,LIGB0
d99de00b31b16c0dfbd75fff3ce95aeb2a6d33b3.png,LIOMK
2c5dfdfed49f42550942949e35a6069e3b546347.png,LIQ4D
1afb0d43256f8a41b56f212132a87f40d9ec6f60.png,LIRC3
5fa4a43cfb600d7b12feee02d26a451f4a25165e.png,LIZMP
473948713730fcb64c3db908db07c6a13bdba2fe.png,LMG72
3f1178a3dbeeac870f2e675dcf842c5c28d18c82.png,LNG0A
93e8274b57ad1cd194a989f91a73426345429b4a.png,LOGP3
2159cf730878b68b97d92b839af22fbbf95a81c9.png,LOSNG
b264d76d5ad7b71f8c510cfd877cb8f73a693f75.png,LR4A5
33af4a74ebdebd20a6db3a4aac32adc8f975e28b.png,LR8RZ
871478eb3ad91a862987f78e518ca77319cc977d.png,LRI64
46aab193883f715d732baf9a0959abc9b361901b.png,LSGOC
2c520c988199a6eb3b36be7c73adb6bf4bfae967.png,LT4ZR
a043b009e5bc1397d9b8cfa5485f71b152e80ea1.png,LU882
f20a8194643fb63d022d1d7d470766d090056a5c.png,LV6RE
79e5d92f5ac1937798095ccb57387aca5e607d90.png,LWJM4
89123ba1024faf93d77e279322c5c156e0817c91.png,LWZYV
dd993947a8b2954de19b652b328cf7a0a371093d.png,LXCA2
de744df485e6d13593893b4ff19116ffdea97f34.png,LYTOS
7e684a1f0388e68b7072ab075e1745558341dbf5.png,M04R2
bf256bcfb9bb18c3398098d113660e0c5ce0e574.png,M0YEE
610d1e6305a9150846770e69ba8b528ec1013690.png,M296S
28f3234077d7d755e7646d36735fff954608f07b.png,M2YAO
41b5e186d2dd00eed93443cc1216b26b509a82e3.png,M3PG0
d1e22eff851fdce0f14d138ade88fdb38898f367.png,M6D3J
7b82171e6f04114fc61afbc8df3e88438e474a40.png,M7FBL
bc1b0c417271ba86e883b84217284e37cbd0c5a0.png,M7XTM
5c04159d9a15703535c31b466927f69756583b9c.png,M8UBY
3003cdd9c2c378be3e2f6d18e975c30d8dee08b8.png,M9ZS2
cc905f426a1ca60b047392e5c5b31e2b487fa108.png,MD34J
6bda327f04ba271eeb54f8cce2d8dbd0d931a280.png,MF1PG
bc66a81cb798dd7ae6c2a143f6025696907d02aa.png,MFFRK
ac50643dd0dc2e8995f7282e37bd173aeafafc4f.png,MHGXT
96c12b2ac90b9f89ed3176a4b3df56f9fcd892bf.png,MHQPW
e3acb301dd6dd685264df7cb54c01281392d7510.png,MIY9J
52a43a86670b2737843b2179a6293a3cdb72ead2.png,ML190
9983d9d4d5d037d2eea2913c8391b828470b6f0a.png,MLJ1A
b7136ff7680a3d50e226a3099024a1a4cab417ff.png,MMCQN
62a465e0c73fcea591c8dd11cbfea84685651236.png,MPE12
3c5429f181b2af08a85fa4b15c5a0362be48940e.png,MR12P
8b2d9c0985c518dc44968fff8a7e461abb4604b4.png,MS3O8
b6644b75fdc05ec37e3dd28868c752c17e92432e.png,MVDWM
4fae09767f2bd51fb9f1ad9cabe0686a63cb4e8e.png,MW6UD
35f6207c9e0a1410f429b84d0bcd4f8fb694312f.png,MXVOY
9fe4d5704ccffa53b3b8b3fe74d0b271f1fa61c7.png,N2VIW
f0076ebc0e50020aedf3fec3dc22f92fb8bb47e9.png,N3ERR
454dd24769e23f65947956a95123bcf288d4d824.png,N76EZ
479afdbead4fe70bb8dedf9a0addedeb1646c4bd.png,N7R4S
c67a699728015f34098f347596fd8f8794d868aa.png,N7VAB
d54d3aaf7ac3fea5c62582c01e39452a0ce7cab2.png,N87J9
3ad5eb790793eed3a3aa3beba10700263289ca73.png,NAM9G
203c3d81cbc68295a79ef5db2ead472aca1137c1.png,NEQFY
285a491eb8dcf8475e5046c5e0b31063bf228671.png,NFA45
b10521cf2be15947582f8a59f8699020c4e2e94b.png,NGC2U
9a551f44d9931fc571a3a319938dd2789b241794.png,NHCK3
f7000ba27562d53c38e5c42da5d3317fc598ceea.png,NI4KC
6668d9b495d8124b1cd18ae303a119df249ac226.png,NIDBY
19d06cf294746931e8bcd74fbc24965462e9daff.png,NIPPC
d5caefeb47ee73eed85a5476dffed92ec2dfc9c9.png,NK6TO
364e81a8ef05899b593c69e5eef93c2746c2fab8.png,NLZ6D
3c92f333d33d4820adc942b96616bfb2b01fcef3.png,NM2TE
5c6997897fb3fee837eef0fba8d16325fcae40bb.png,NOOHB
5c5b6553f14ae0c6efe7cee430e04ca7ab662fc0.png,NRO42
0a05e75136af9f2373b2943b231bff6c5fa7aeba.png,NULEI
6ce8410a9006ffe45efd990b2ea241b77a789661.png,NVL1Y
ba321c07c05b099e2eaf3e25b99389b51d6e073d.png,NVWKB
28fd8b147fea42e068e69d537e3bc1038eb0fadd.png,NX6HO
04fd7185e2b1d8265e713160a5810d6b49433401.png,NXTKH
6cdad57d312afbc9ec3f29af67bb92e9e0ab2140.png,NYWBY
706d451cb364f8bf7f8d3d06bce9ee14272d7a8c.png,NZPYM
e0360b810489665301f22b20132c0269dcbad86c.png,O0ED6
6548233b07c24159427f4433fec5b702b66d8c50.png,O0LX0
92d7a21da32928a77cbd1d2f551e3298dc5c5a1b.png,O0ZOJ
f1d740b021292cff09f12ec43d54297155544d51.png,O32GJ
f14e08cb669105eae63beded37be8798c1e83fea.png,O4ORZ
2b715252096dfca7b3cabe7ac36906353bda34db.png,O515P
2d57a3708838d1ea1ac04c94741934f364cfb894.png,O6OKC
28038686c8d87b13875282460d25e85620667bb0.png,O735R
5a0ae0480f0dccc6c81849064088b3acc9ccd0b0.png,OB42G
838b8d28de0f9a2afa45c4186a0e09f77bab9233.png,OD76D
d756a1bf7c2b43b7fb94e0535e99784bf913646c.png,ODNL3
dc4f6a9dc104c5cff7a99a88aa010bce2e34017a.png,OE5P5
2870bdaaee7e114a86e96a4bf6a6ed249517fd06.png,OEKMM
ef1869b87c223048ed61860afe335b4bed78a0cf.png,OFEKF
0446894dc3056bc387e20146227125102da2dcc5.png,OGJQF
57dbb84fd698b3821607c64434a46f586a76f34e.png,OHU27
5839b07e46bd2a8a9e812cc10d0f6627237ea38f.png,OHYFB
525752ce239adbebf1b524e6ec094deaa7e352c0.png,OKH4N
79974b41f3a6c8d0e949c842138610cd9ec6df6a.png,OLB6T
67e0c9a72cfba9fe8071e16e71070ea32fa09df0.png,ONM7S
3485bb8e0213d4aecb2d50feb3d13195169c0583.png,OO37O
433ec5f9b409b3fe7385c4daa42bba6c9be4a0fa.png,ORIVH
6f06c3bdb9dc3a9c163563e1cdfee8e863cab31b.png,OUMMC
6e5da0c9fe9bb0ebbb183175d4e2bd8cca1620a8.png,OUPBA
2183a67db177f8c2a088787aaf923151edbffa96.png,OWC8R
bf3b3b4fe1e661be25ab75a480ddf8d55c397bb1.png,OX2YH
2efd175d3eb695a7293cc0a816fd432dc5efb9c4.png,OZ5KB
97c1dab3356fc78e77c38adb66ac90f917212c80.png,OZ6XI
487378da268f1001dc0a729c57f9ff24eab35d79.png,P45LA
9f8f0dc99e346f3c89f002ff7a05a433e7c89f79.png,P4SBU
f23052d22aca178e1555fa96c36972048cde07cb.png,P6FCI
ce079ef82c1c9d4ff70f9b5e3bec4c39f48c6013.png,P94ED
0850140e9b78b347b4bfb0d30a19cb25d4cf21f8.png,P9ZJ9
5f221492d54373a6d7b55606ac3d8dda5c355dd9.png,PATZN
379bef6b3270fb22e7f501acf4536ec29571c275.png,PCCDH
b2491a23c76368818ff708668ce5af2bab038004.png,PCRXO
109a05049c5751a2bcdfaccde89bb0ac9e3e30b8.png,PD8FF
65e8bf731d7fa02e3333d67f04dc053dc5189161.png,PDJ6I
aba8316fc43141b272fd16f5a3d0435a8df307dd.png,PFKTM
8b5bbc189a970d6977e762e3976b1939180a835f.png,PFRBN
740d2540fcc41cda0e4f9f03e82f4763a5b6f752.png,PGJB2
87d2ad496a559de38d97289c91fa50a177e7ca25.png,PHEG5
ae80cbda1f0ce7b0e9b6af0a4c5c027147188f31.png,PHXFY
eb853f34d70a128aa1a58f4870c2edb2dfb1c23a.png,PHZWO
edc1f3858e1fcb224797a4a2c88acf78870ab73e.png,PPNPH
ad6987f0e851c64121ed3dcc7fccf2b67f8f9159.png,PQ2EN
d6a55dc6640ae4bd94dab477432a6ed1f4f2fa4e.png,PQXD8
77ad9ced6915bda1e765154d5d83237c5f2b4c56.png,PR3BI
309f042e995c9edfbe07c271e916658cf4b6ee7b.png,PROG1
c89bcc4fdc8f008f129059cd4b3464477fb287cc.png,PSBEF
6527d4bd0db20570b2b7870f4a29784ae17474be.png,PX7UP
eebcf7003b9154698d7d70375b14a06752afd689.png,PXN7O
bf7a1a7d9eaa672e0cf06a24fc9389dac463a5c1.png,PXPOY
382485d4eb0b94f9e478783d45649f59349b5a75.png,PYWCV
3510c3d87dbc3d16b0276b491519ef5cb4065786.png,Q26AL
b689af599937692920fa515828dc29147a2ed028.png,Q6A4I
8f6899c5ee60354ca2eae2521a61051a97496f66.png,Q6FUY
325047921bf51c871ac05995216d400e186af10f.png,Q6PNU
8946c5025270fedcd4407ef4404cc9e84dd73457.png,Q6QOQ
2d08b0c338fc3fd7edc64afafc48199d02dfaa39.png,Q6YUE
d446c649b5d4a91a5fd7497015b31bff2ce71727.png,Q8J7N
e6c9169fcddf58b6464eb58b87ab77186ab06675.png,Q8LDL
c8f6fdaa81267c64858fae4cbb469131681cfb76.png,Q8U1M
213935fafc288fb2992b441222a8f53f5252a6c7.png,Q9U91
77c85fd0c602e90f5598db71666ee857709a366f.png,QAV4U
af796ab3a6b29a3b0c2498801ae522ac1fc6e135.png,QBARS
5efad360f3d884baaf53375947e263573db03784.png,QBC5X
cb1ae1f63786e4ec90a4b42c8b6980600a7f84ba.png,QC6VF
f7d701e172a7b81add02fc309ede4ffe0c0d760f.png,QCGR6
41441fe6fc50cdb12947d90449555fd85e1a4b42.png,QHLEI
3ebbb387f2e4b61a77d90454343eefc8a53ee5cb.png,QHOR9
859bf5de13c54f4739cd328b30ed528a3bca5cd0.png,QJRDY
b177a8587266b24766f2e8123877a7d9218cd311.png,QKGRO
26f7aed210e3544571a6953b65230138c5668abb.png,QMA1Y
e40ad1ca3384415b5b771814e648be7e060a50ee.png,QN98N
afdb4f7cc37e2d6ec5ffa3f010d8abfb84701247.png,QNJES
f7d18d3d6b7afa1d8315b14c8e180e1ef471499a.png,QNM72
fc6743cf226f78a4b4dd3f6d67673878e16d07da.png,QO0XD
82044a99cdcea1515ac467098355c500c4db95e1.png,QQHHB
4efdd322b293ef907e7b0e69aa95bc87069f8740.png,QRRR4
a68000e65bb6ce9e92b3f22241ff1aeeeb6dfd8e.png,QRX2B
c2b10e5418c0127caf56fd0458eb2754cfe55e41.png,QSZ72
3325123353ea0dc08723c8e22a7eca76aa3cc332.png,QU93X
77e31e12acb3aa6ee3f36741a4826e0115962b86.png,QVLM5
4f31c6631c6135753075574f859ccbcd15323ead.png,QX1KB
2b97f19b125ccdc87746c4aa5fd040b3c298ba59.png,QXWOY
3ebb844287b56a97e3957a3e0ac69dcd91cf5143.png,QYMIE
f335682d09db49c51102ab4eb3c1154c95af094d.png,QYW6C
fe9dc8be61c078f1e0f6d13083d985262a5d03bc.png,QZOJ9
b2a23a52ab2b4250fa9b81a69023bf8375c3a86c.png,R2OIE
db0640aea0f7efd3f04011c61a2607f4f3864b96.png,R3HMX
0d09e9466abe86319572f99ad7f305f17dfe3873.png,R4PU8
4544e42053977dbf3c45e045184ca9099478a7b0.png,R53O3
3dcce7d53a346396a1fce5a0da11f3e910cf6717.png,R9348
f8317da48fc46fd6ee04c8af0f3aec815da98c7d.png,R9VUM
dc2916088631a5265833523bdb16ef2fab235136.png,RB6YF
1ba77c2c36c39f061d8615ba291d450b419784b7.png,RELBL
32a94c071e8cbea6e6b3ac41f57bd88490458417.png,REOJQ
540ac3d18fe53435f66f838a864a976e57824a35.png,RF8FO
8240af19f5ab5e708f9e6f3526e828b83e829d13.png,RGKZM
a088a103d92df29942663ef18701515802dddbdc.png,RKA7D
d65e20a8b0a33e261563376f03923afd9c370794.png,RM6FF
3402562c253530b03c80f19e876ced01b9c04395.png,RMFNV
39f0345d2a782175c9d2df383bd282ef6c091043.png,ROOFE
70abcfaba410fd9f6c7f747628c9c6ab57dd7795.png,RPWNO
5066c52284cee393fb93f3fa38f35ba519a07602.png,RS3XG
5ef5b8f1bbedbe0a4bc40a85181cf841bed8c103.png,RUW9E
b616997d69264deb55af55b2415b327e455ba688.png,RX8I8
afb83f34b61d7278e763cc68a9de3696a4bffe0b.png,RXU2Q
89b29c4a550a2ecee11693819e501c7b710237f1.png,RYY6H
8b55d8bb2778459a140655cb3b4169084916a6ea.png,RZ3M7
f4a68ff037fcd89485d5a9428728fd457ef30a6c.png,S0U9Z
987f7d3dc5b2b200487bb9e8425c20a54db9c720.png,S0WND
246b69752c6c619c1594c78f8635e77161c3273c.png,S14BA
191862d22a68b5ddec26d61a7201e99c21cea199.png,S5W2L
71e16371b5d45dd06ea232f1fcabe34437ea5654.png,S6IY9
79478caefde69618372a29f6b2978a92ce1c710a.png,S6PB2
838b29e5e58030bafa417717e6e53bb1787024e7.png,S7U3M
e3ab3475151d78aedf6f1ec01519fbe4021c05ff.png,S8JJ3
649f8bb3540f471e09453a47eb4076d5285daf9f.png,S95N5
18f27aca5bea90fa80daa95d4b610185db26332f.png,S96OU
2a8db1ea56a9bc429219f6f57043d8e9533e43a3.png,S98UJ
986c1fc568758763bbcd1923f706c6a849a58411.png,S9M44
86197dceb606e6bf57a22e9ff8432e54c618f7fc.png,SA1N1
5289d9b4f419bfb71b910eb028c237612b13d32a.png,SBIRR
a059133d97fa1d8f97dd86da02bf0409e57cc459.png,SC8CK
7eff23a928f3d676a1371283c4ce469c5c426352.png,SCXNJ
73d0c4253eeb967482e902ffcb1e0e7e31b0e65b.png,SD0Q7
2f62e5ea2fe4b119627cbdc37f42fb01b5f70e09.png,SF3U9
f0eb1bbf147d04b43b3ed7a2d72a19950645f447.png,SF9WH
2616568613c90fbb5ef6d6047d57644da6dbc95a.png,SHAF5
0a6e434e2adc354d03f613614ba56285e988fc16.png,SJ6NE
a826e5acfe41d87195c57363b7f90b94e493e5b9.png,SJBDT
b0b5e14caf39bb8399a943f5e8310abc17a69450.png,SN0ZU
cf117f956850159a156d46c70bb8e79e52749d33.png,SNQBM
9c3f9f6bac21315fb4b9e66f6970def845de0c2d.png,SNTOL
4cc4d40c6bd9244643f3cf6ca83bf5e3ff2a2662.png,SP3M2
717c3c2c73cae6828fe92504ef0c4bcb79980592.png,SPZDK
cf242c3de6b2708c788c23965660096f1b5e4136.png,SQ8Q5
5aa15e5da9469619701b0fc1f9fe8ba6af2d27dd.png,SQDZT
1ce5f0212bacd3218f3a040dc3c3e38cff131f2e.png,SQN7Q
b4502b228a8323e209210a4f395b64e789bca59a.png,SRKYM
ec2ce3c40e895556d58930c6ce687f849837094f.png,SSOUO
e29d28ddf21de63736600e4c40cab5b641410b72.png,STF9P
09ae25b9c7922c479799d8e28cdef9ec22181dc8.png,SUQKB
ce646312bfdee8b4a6f1d99e3858020f6265840b.png,SVF6E
a2999a6889a6bb429a5f9cc62ff9cf4bb2366768.png,SW64W
2fc6aafa5e7ffbc55e7f80dcdd71192823cb5f42.png,SXCSZ
f27afb57d8db1d67613c2fd415e7b8dce201a1a6.png,SY6GS
e39b390d45d362f2a8e28428f568dae110c6cbab.png,SZ7N1
3ccd72766fae71429266d06c76a52c8ab793693b.png,T3AMO
fcbc39ae10abc1088c59fd6b2f9cdd88f6bfed02.png,T3O8Y
60d0ec3a629b6c196dccb1be36db589a16c178ce.png,T4OUY
145d982c469c1e68d6d5494e63592233dff10bfe.png,T8M23
1da45f38d61636bd75b2b1dc751d4fa50c1f1820.png,TCGNJ
f3e4e67faa4b719205e2a2550ac46e55d1bfce2c.png,TEQ95
c686f45040c332378671feeb3ec7d46eb96f135f.png,TEU03
ddb4ef99e80ffae37d94ea29976ccc13d1e60f3f.png,TF5ME
f0850f2acad7d6397ecb1ed4565cee4b0e42b449.png,TFQSP
2f3675892a04b3e9e8a99e1d46dcb57584031d30.png,TH07D
3184fb8f962a07f9d4808cf831bbba368fe4f7a8.png,THJ2N
d878e00ad48817153360c8098b3d26d130465066.png,TICC4
3fab9d37ad0f67d7d0bd563a1688062b1c94c9c4.png,TJ8OK
729b5e5cfade46e9636348a99d89b28789c287ad.png,TJH0D
3e178e17a399a2c2ab6e53b881e5b52a0fa039f6.png,TNI93
5bcc2b0dd2224b12ad3d46a3af0b618d6afdf00e.png,TR1E8
093bb36b1c836881460405e32db8c01a7eda4168.png,TTKUG
7f614657edb62b4c587a1c275fc8ea6a926495ad.png,TUIS8
2bcd1145c38e53be76639b3881b70e928b9338dc.png,TV1VZ
ea0ed5941dc195d1c509739090cef1a9d12e44db.png,TVCF5
a88050bac4ab747c54f210c72922387c8e795329.png,TVM7U
bf4078158e94d14d708ddc36c0a3813618972920.png,TZBM7
d3961c1c1ea5c70b40bc11c240546afb4168b413.png,U0761
c6c187fa39519ff7778ab09b5f1ba31848ff9dd5.png,U0Q7A
564df9a9d69a1ee810284226ce49d07cb2355186.png,U51C3
067a3dd61cc493cce128db18eb83c74a2afdd9b8.png,UDER5
bbcfc09a2e12a2502a737266d12ef0494abf17cd.png,UJ5J9
9c0a7e79aa21611e33704af8bbe9a42dca7a6e49.png,UKG7H
90333bed908d54ee432ff7e69e156134131050ae.png,ULSFX
94694e162b32009905a0b8cdf03e37ba13dfde3d.png,UNTU0
4cf964155e7621e03b04d027741e3166d4c1716d.png,UPQIM
fbae25555e735a39a41efe0e101384c32cf6eab0.png,US8DG
1f54a5b8b4dae8c9790318a1374db59bde9412d7.png,UT158
f2a2ef4828f0fb4030050b23b0c9673afc5c908e.png,UVHST
ced2531678412c480fe3afcbeb5459a6f686249c.png,UW3KV
4a058c7933c87550b385446b27f55b3376756d9d.png,UX3VT
057f754ff9395a6f2e2b35dd51761f3e2b28031c.png,UXBGM
525842cedc6468bc7c75d8fea57d97e86c32dad8.png,UXT68
65f0b749cccd22fb047e3d5b16898f983cb239ef.png,UZFX5
bdc524d7123fdd2ea14ad8620f2e75de417483a4.png,V1TF1
ecb204972f8bd910f830445738bfe5f86a51aed9.png,V503O
d6733e294c5ba9d74b73ea834da85dc975d711b7.png,V52BU
d9cf5e1896aa8295f90cfc206327f471f1bc9665.png,V5E0A
223c665f59f328a4ac511773c37d79dc0863203a.png,V5S6G
13fbb6a772c43993da5957c4dc63406754bf5cd3.png,V6OIA
1d390a70b6b47cbbb4b98638a17d4c007cb7e172.png,V7F9M
91af15e1d7a2e2bbea3c8eacc332375bfe0d3930.png,V8HVM
d95c056cea66174a327dfbc22a16f856b4d89969.png,V9R4C
2515cd6e42d8a2ff852e2a72b5e05444e988ff03.png,VAOTD
3d628cde59ec1ac426ce9607709519c72ab123b2.png,VAUMY
9ff06879228e30737b05cff88167448fc1d0d85e.png,VCOKL
db848b0b72f3a1fac48ed08d4acc49134ceb87a1.png,VCTZV
b0dcd126ea57d2b759c09b7a6ecf5894e5dffb46.png,VELU8
790de903d3319038ddc0f78197b17b69ccdad442.png,VENHG
b1e716f673675ddbe2086203759472fa41cc2b13.png,VEQQL
b6417f28506c8dbd7c858ffe1c3949fc717c0298.png,VFYEP
12c59940e30a73ba1eec04a2896e4c5fce4e7e38.png,VLH09
fe1b1be3358aa4b4559b6b853ce4aff47ed58c9c.png,VM5CU
a6e89886374de95479e7519416fb6973ead9a9cc.png,VOBAD
f45629f048aa4e8e3655570c129c5a3210fa9b33.png,VOEDU
0b57ff84858fded460b13fc15fab3f91988e82d6.png,VOH47
f03e12864f2814c33d6bdb6232434e0345001208.png,VOKOV
340706084a7c6ac04f24a81cb8170e4a5a594807.png,VOTBU
382616cdde8dc8c62c40ae7fcea10331122bac24.png,VQBPL
7adba1d3bd1523d65addb800713ad33ca1c05894.png,VRGAA
7e3e5504c857bc5ac48efde3f498bfea8167d254.png,VSSKC
57d62cc7f93fb4badbde98cfcaddc7b21a124c03.png,VVGB8
d6bc9276a059cbfe74ca5d97c08bf3240f7b150a.png,VWGV8
d3a46f5185fcc59a0091ea16c2ca37d970242494.png,W1IHO
9bcecacae8882d402cafee928e5384a1ce829500.png,W1LQD
27eada6efad38ed95f068b4f959804e139f3a012.png,W2N6R
c0dfec0ac127ff28fe8aadec151923690eb44be4.png,W3GZY
726ffa2fb58b46146e10bd31823e46e3ea520b2e.png,W4OI6
4d09aa77d3469fdd9dac82192943d7802391b425.png,WALJI
e3b53d9c2812d6e7e6973d11738f4c36edda5802.png,WBQN8
d57e396e10abd5388fa50be0cf57398e0f90d752.png,WCVSO
9f06e0b2e95da297bbfa72d439a4b47b86fb5f21.png,WDOPC
853a56ea0d36bd16f41135d1c4a27a3f0927f1f0.png,WEMKX
ff091bc0002bafac5c977606ca7cb19b9fff330a.png,WG88X
a4be5d425a1399206b89b9f4987640959889131a.png,WJ2M9
d0a18cbc79f6f9b69a81001692640428cc781986.png,WJVAL
86ca3ca3a82afa9cf1cd97715505683d69a620f0.png,WK1UB
f0db8d78ff2cdbd463d26cdd2b1ed634e5d05efd.png,WL9PF
771dc0796404c3fa40672a1947520d30183be44c.png,WO06A
64928c7dce468a900c04528d2242b46d0dff879c.png,WO2N5
cef2c8f20a946f841a2cd989db865d0a910a5bbb.png,WOXSG
a3a7bb70aac329d1c00b1d053a621206d40416b6.png,WPQVW
29b4c95717c125d8280517b8bf804acb75545f7f.png,WQ03P
f5551831abca06ded2c56a5347e65ab6a770d05a.png,WT1C7
874f882b6890e04e2b5272db35a3b4c83b2c472d.png,WVFS8
9e7d57d30ab056a80c2ad2a5a181e80a64731c18.png,WXKTU
9fb3506f064affcce3466f42014e964c29a2356d.png,X22PC
5e885b993e8a4e1e28f21833d567d2aa20cb77d1.png,X27L4
fb7a5576579f1a763ff30115ca43ff8aa4ae6c49.png,X29DT
9f625cc3d40af14608411db6c25225a9712c0834.png,X6D05
07031402035baea8f2182687b6925acc7451acdb.png,X6TP0
f09d69e945083490faa67c2ed291094f66441f55.png,X7GAB
f5825c05053b905d8650f6f6f8b1c19d9be6b9ca.png,X7SWR
2e457c7ab15ba0d41c738e5c06d9d05411a78a00.png,X94LG
1e9ed090cad5cf0cc9404e5408c89f5127926af3.png,X95NY
6f036adf09d8edc203f02b211222673e7f698bcf.png,XARGF
7e3177372e72c3491a366badea6c8472690d4978.png,XEPCX
fe468bda7c831489c47c85e3a38069f22880e4ba.png,XF1G9
c82d395a7a9852f8f8817735575362b2bdfc688c.png,XF34L
fee9ad4129c4936ec9584a99006e21f4b4b20343.png,XH0BH
6cc6d55aa492741848d385176038dc160a61733e.png,XHFNJ
e4e9b44104b8a92e53ca34a68471c31dbcdaea78.png,XJMV7
e28ea1619a75f09e576c869b69a993952f4181f8.png,XJQBR
43148742622a8116e00440de03ad40f974421d5a.png,XN6XL
a27dc270ada198c265da8f34150a2cd1c0a34f3d.png,XNBOQ
b29777efbfd07a405227086e14a15661add4ff9d.png,XO52S
a5c6d1d5d9d2347b6bcf9730a879ba7bcc92f91b.png,XOVMU
85ab8b21f39a60355e0ad92db693f00fde2c770b.png,XRXDO
1659f85655a8481054b46475dd22bd1e652315e0.png,XS9H1
1430653656415aa4c0efcb2e151c67b69b4591b6.png,XVMHD
d3f9b432d7e2707847e1adc37c66bd3783bdd8de.png,XVN04
6e7b9c76b3834109d3550f3da9b9b29abb6fcf34.png,XWKGO
42947c4a672a12e7bfb3c4304e09a6a6fa26cc1d.png,XXEQU
33c946a8464324a1b25c22a91c7f272f64136241.png,XYAA5
8b464bc95c22804652a367856eeec8cb960bb548.png,XZ04U
fcf282b03b7c07b0655bc77a774a8ff9107b14ad.png,XZ6CR
171d8342d51f57331dcf7e3c2ac61a3ef1f51c32.png,Y2Y47
d456372704fb60ebb9c5e0762b2685d6970cde50.png,Y3UC2
78d5898d54b9db083d96cde6e7a2319e0b5e0827.png,Y4QTJ
1b09df3505029fa9dc9bd705e7df9459d9c0ff20.png,Y69F5
28578d6974e16f2d6ab80864ecbd49f10cf36af9.png,Y8CJE
430a1f240fb44e42083ba58f1da695cd391ccf91.png,YAIRS
fd7d032e7cf5193beebd7be4dd0095660bde8d08.png,YEMIE
9b2b24c1672d20ee9f594eb42e42309312a41240.png,YGYZS
35a2ceb323d96d289cc1fbf49c45307f9eb35801.png,YKAFT
59887a85cba764f21b79f6867520a391fa6eef2e.png,YKH7H
938a3880564693e6faa1ff4f29066dd38aa6608c.png,YMC9W
0c7aa776706ce3dd729bf8f7dbd3558eda4f2f49.png,YOVM3
28d5858f2e417369b01b92418cd409d83b330239.png,YPTWB
4a93c60fa11749cb21b722583510d202575b74c5.png,YUSMD
5ce13a7814fbf14028465082ed1ad5af62b85206.png,YW56A
29dc5922f03d1f2d9c3ef5da09f1b793f740c383.png,YX8NT
daf5cbd7b0875b1be5cbb19866093a9ae6baf11e.png,YYF7A
a0e84d4474ec0385325dbd1874a967a866323b79.png,YYTF7
5b949cb3769f567e5563c716a5d69f0fddc02f67.png,YZ4IA
a3937a9fd9ecf5098dc10aeb8476a9f3657c0501.png,Z3LQB
649bb42a6faabe3f7f18b44e8f851da32cf9a808.png,Z4OO8
1aa086c5b3e08d34ab542e136a4a3f22ae44d40a.png,Z762I
47a5bdc33606436cb36bbca73c69c9c498937372.png,Z9QGO
eafac96fa774528c452ffbf189b91c05adfb5159.png,ZA5E0
bc95b8075e9b3bb881dcbc2a4e97a6278e94fcb9.png,ZARJI
2ac80aa5f9cf9afa8bcb542c50bf85996bfa0ba5.png,ZBKOZ
ffa7835343a43e34c28ceb6a7f5a1db89ee9f710.png,ZBRWV
72179d753214369d6c4cd062bf4e2627920b567e.png,ZC2IC
4e585803dfe148d90704efc23de22714612c463d.png,ZDG3T
4e1e03ada0d67488f5945e4c4f83ad94ff78be3f.png,ZFOL7
8a1f031db645c82be3a862347afde083cde78fc0.png,ZGK9P
dc74fe2aff6c43f42a32cbc0a6074430b9fac0ac.png,ZHCPS
d5af246f9a0fd04e18a02036206437b77f2d2a10.png,ZI117
c4f5e3207097133bd4ad54d4a35ff68b5f30572f.png,ZJCS3
18ef41decfb0c958bb8d2710ac523ce6ea2136b8.png,ZJHP7
4b70d66fa35b7a43b48a283cce4cb3b41979995b.png,ZK7S1
0042154a51064ebe64dee07b826711891dbdd2e4.png,ZMIJT
6ea997457ac8ac00af38a699e15075467f27af97.png,ZVZ2A
34d628a5d106ff99c62be27c5675876a88cb4a7f.png,ZYBIG
