00b7ef90c45c6a6ac1eb9fc64f8a5e9fb748768a.png,4KLU1RS3
0100d8d9e763f4ad8c6a9fe403e348120296e1e4.png,F9XBRJGZ
01472a4095712590922c950d2d586dc48bcdfc18.png,6OEWSF4T
018d123f0a3ffe97fd9e9f620acfecde57f6bd87.png,238KUJFX
0273506778f2226f6b8e617ea88154791556ea36.png,WM2VVBXA
041787ecdabbbc80223d57c27dea53c36117354c.png,NIB0CN08
042c2b8ee99c558cb4578a47e3d51d7a045be94f.png,BHULIW9W
047dbe5f4e3f1cd6df27d5a95f204ba700728dd7.png,2FS8PIQF
0484a6f6f2090625374cb73a602560130550d960.png,DNE0GGBD
0598d3f9b312c2009acaabfeb8fc5e2d447f3097.png,H5CTN667
059990f7c40ef314c1d74960f3fedfda0ca4b082.png,4NJHI4B7
05c26cb8427122d4880c82ef5c1e1c03a3068880.png,RXF60KWC
05f91b4f2e77dbadfa27e24d96c1d33a12411c6d.png,63BAATUP
060be28a082d65d4ae866c68307e4a6ff3c7a595.png,MKH1E0Y9
066ce862a7d852c2c6daa1119e9aa346cfb2282f.png,26FGMWYH
06ccfb58bfb30cb7c04e8823b340590c9001e415.png,HPCW94B4
06d1b02e554a6a313a080f2aa7717dbac9eaedcb.png,DQZRCBFZ
075e334d9abfcc15899d6a7441f03a25bf33d04e.png,2A7SFYKL
07f5f170a82ddb848a584c828e4d67455ecc9a26.png,9CSXM4NL
0804437cece56e34e8d5c90c4dc4e205d238199c.png,V6H3JX6X
08380b7f274fb60ab585a4713b34c6691f698898.png,Q07YKBNX
09022ddebd3d68bc498961e1e0d8ad274eeb7861.png,JT8850ZE
0908727ccc38570831aab0f1bbdb0efca0314d6c.png,WYW2T6X4
0962e54e30f966548f41a8fcf6c53abe5211443d.png,01SXIC4Y
097ec655620e59e60f86b57f5e6ab1f6ca619c9c.png,XRK6C1SP
09b0d1c743a09aca7a898ff4d3359fdc19298fcd.png,I3JO93HR
09b59d87da076ce1107d6adb828b8ba163310841.png,WER5WQ6C
0a4cfe7e9d0b79c0ca3e6106c5ea8f6f96cabb46.png,Z9ZUT43I
0a8758d28a9738c96974075fb7bb53920bf46361.png,T6MDVHCN
0b0f72b8b14e6e0b372817676504ebf0870bd06a.png,HW058RRZ
0b36af7bce97d3730159126b4c2c66c8d3fbd0a4.png,79CTKBXF
0b410b6985aa136ac60dcd07206f3ef098ab1e46.png,AG3MUUOM
0b65309746d9d9cf720c7aef079b013b32f3a230.png,5N0IS5XO
0b82e2988b917b905bd2bf0180db6e6ee1691829.png,1L0MMHRK
0c06c7c48cd56e2a801a3612a7638cd507c70355.png,ANH55BGZ
0c19f07c3b0fb9382ec877f5281eaf34174ae731.png,2U7LE3RT
0c7e31dde04f112bcb2eb3e9db123ad23a47cc7d.png,WB7FBJ4L
0c832c5a6096232d41630e5edb7f4154205dc083.png,FK25CWSJ
0ca9c927c1e055eb3b9f3e31767b47c264eacf85.png,7ZCWVR9Y
0dbd76052a79d0ebd011b4407d66c046a3926125.png,QPVCTZCK
0e3f82441bdad380d4028683637181c1fdafc6d9.png,WZZ0365C
0e6b4a88772f5683263f6757c8421d6e6d535738.png,J0SZEPMJ
0ee9b294acc80070a5957b5481bdfbd27ed04069.png,7DMJ1VK3
0f676f55b2048428df38f163f7ebe850a323509f.png,425J01ZZ
0f9d695d533461dd52f97a4e5f85e969c5825a1b.png,9EQ84YIR
0fb5be650d71e2511c6b203dcd4350098ee48354.png,JZHAATV5
0ff7d8e4825aae7e8f2fa2c7ca81b749a5425e57.png,FUMUNZ48
102b60218955ce029bed66ac686c36907bec36af.png,U9Z1VP45
1054ab1438b081bb9405244f6e5715304a517cc9.png,UXLINTZX
113a1f580019015d72239a97ca86d4ec8cb426ae.png,OUPJ41HC
11627883edd1da41b073fc5c9b1c0539ce8416d7.png,FUV2U2R5
11ecd3d6bc6076612a81b4eac97819c552664fa0.png,SF1OBAR2
12c6281062697671a9cf2c0f38e7732ed01b69bb.png,4VPFF0RR
12f321fc4dd4def24a63f50571e34f9bbd03286d.png,9OB5I7S7
131ad1c0c0158eb36255c32bbbfa1e37481c29e7.png,JB7EBV8F
136f7b8561d42fbdad32e0567498d3316f5eca33.png,TU5X70WH
137b5f043916989fa7bc0d7dd70f8f40a8201a5a.png,4RFBWT85
13eb830bcbd2247acaf958d80c3a73fa4caf0ba4.png,UIKLH8PN
143b828f617afc0c4538b2bff8510a0be8b6c829.png,KM5H8BFE
145354639762ac5aa2bff8ff19c345215c004923.png,8LGZ6034
14a5df2dae59e2ac466973a3289de1735f84c16c.png,JOXR036L
1507d79f1604135dd18efab07342faa7c96b459c.png,YQ0YAQZM
15085416b695d787a9b935d0a0d7647b4e132e46.png,YBR5GSD8
153e717c8a5ac8e1481d148811dfaa591e5548ce.png,F728N0DM
15602d4ec4f78107e47d2863da3297345469f7c5.png,DNGI50C1
15669b8d3ff7c4600d38eb99a34126427276ddc3.png,YV5JZVRU
156d7a2355cd5635f3a8072124855f8706752e92.png,AFEPG9P4
15e1917057b99bd744c8dbd8f51ce0217ad09fc7.png,88Z04VUN
15f30199c17588bef39364e57b667e47ac454701.png,31O75VIW
1648146e8823f92fd22ff138c23ba1d3f79272e3.png,LTKQHV5P
16aa3a2f5d741866094e8eb66c27ad74d3a1dceb.png,SYC3QXFR
17495c36b63fd5c63bccd3c446c591549b912c52.png,HG9BOYZC
17f63b2c894894ed9a85d7cf4b520796a69a96a5.png,I3WK5AIL
1828ad3a98d3f476e6122c1006a802144bb9d3fa.png,5W0BUZ27
18c8baadcae76a3f03c1707fe2fde6e76c031a0d.png,U9FOVG2J
18eea584942afa0323fc3e635b87e0bed1955f3f.png,ZRTLBX0H
191162358d4c1223b925a427fef0f3d8b0313346.png,BOSGVKA2
1927f56c701b33cecc4c4f26ef75f93a91fd8378.png,Y4RMKTQO
193de1975cc298e1322873ad55a169614bc8910b.png,0J7J67MN
19531b25448ee14c66a03478089e170304fe66da.png,GL0K5XUB
1a06be7e31bf95b8956860376031a51dc45242cc.png,D6WIGS9V
1a48a391b855a57ac32b076d93a4f464b65a3c1c.png,JWW8DR5L
1a88d359915708ffdfd69f4f008cca5d04e44b11.png,0GGE5QYI
1b22e5f81bc29e27be8dc7a71343b92173b8ce50.png,9XJ03F0Y
1b40afdee0db16d6185135d488e70d9a7690a5da.png,1YQK6VCQ
1bd303a280832be400629e30bec76627d5395f44.png,9AIW6AA6
1bd893c992fd26288902859f4aeb46e208b9f600.png,6F6TPDEN
1c40147433108d71b3688c0282678bf1c5624ca9.png,EKJS7QKE
1cbd1eb561c145ffe1ab0eabaf5eefa1d7cf007a.png,3N8SDE36
1d1c9c70a71b42cc93da968bc5e33d4cbfb88578.png,EY0Y2P2R
1e77d0c3f2f500dff7b04b87b036e4a963e4408e.png,V6PUH0C8
1e839db41a26f59a08639b8394ff8b375626c150.png,MY9LKZGF
1ee241949e03b7026db73c4328e21cbab6fee469.png,CU0RJWAQ
1f0f86a352042a3e96caa73ab17f186c983e0905.png,6SHBG7U4
1f3bed4bc1bbe0e3954936975841588691c8a60a.png,JWFJS78N
1f3c015778f16661f7bd0179eff44966cf254dde.png,1C27876X
1f574c9f7a9cd44ccaabe052026c321c5e5078c8.png,MPU90AZN
20326c4d2724e07302ecd1bbadd68a2af0723ac4.png,ILG58JDX
209dd65cd9f389ec50327968588010c6419e647d.png,DQVYZVDJ
20bed6370eb833a68ffd7a608d6f1c3f2ef3f568.png,H5JH9NPZ
20f528650f9e4e525ff78fd3812bec0b34842a01.png,I6XZYRDK
219bb84b95cbd987bb6f72ab4b9e2e1763d5265c.png,17ITLXF0
219d503ebd5a0bf729de61715bf8ef26481c38e4.png,6RLK0E8A
21a77cc90501c783c294f60c056e7bf216059e45.png,IEBN3X5R
21b280447e6cb03c505755f3f4a8efc1e0ac339e.png,LOXJHQ26
2262373dc307f9177c8a7d7903296882c73e5188.png,LRNXJCWN
2311e440121e5d2708f5ab5a25d09f949649498e.png,Z5M3QFNC
232a842a8c0aac7dda70534b6ff56967f2ff318a.png,M5HHNZ3R
23359882cdfce246e9a939e60995f1d5c06bd7e6.png,5JJGN2WQ
237349785629ca10ca9098c7ebbf2bf5a8a365e4.png,WX5JQT18
2381fd1c21cf86a7f160c5ef245708b850cbc96c.png,079TN3Z2
23b7921a440500cccb0c71d144c38ad3e97baec9.png,X332X9E1
23e2a8d5c85b29a26958a515e1d3368997324a74.png,UDOH9NEO
247ae76cdc32358178ca21fb0c214b6081d43e08.png,BVK8YFMG
24c1c9eb54cd207c26a497389792781bd2115745.png,NBZM4EE6
24e5664d032b0fb2a890472c9eb972ad177f5a25.png,JOX23NV0
26260661cea5892f528f4623d80edd6b628e7b9c.png,POM46N9N
2641eb53c024ad84cfa3c970b7cf2ade22861d9e.png,36388IQF
26a5e055960f800e9a4dad94398f06f20be4df53.png,WQ37HJVR
26f567bb636ecb84b4da1fa4c59313efd2a7e440.png,B8TFC002
2724acd34fecc875a79b73ac5315bf07bbaa9706.png,ASNKUFDA
275676b93bbf147d43905e562d38beec0b113ace.png,8ITWD6AU
275948a99deaf422c934cb791d2e207022cf384d.png,3F4L7AAK
27c03e0d057e0ae3193bf14b045401471a6bef54.png,FTTWMKGH
282d98195741bb31aa7a9be17682b76b4f04e347.png,TQP1B5EV
2869a7919acbbed2be28184fd5d8752ae015c702.png,RCKVPOMK
294931f6d6cba7fb0c147dfbb4701fd2017de875.png,21SXW7Y8
2957f56c8ef0e4a9ddf7b1a387b095da46e35c55.png,U8B6QKT8
29821f93ca94aeded989d6c37d9b3d1e9cea15ca.png,C9DTQMP2
2a00cdca4d3869a53a541111ec9921f961520e2c.png,S107HR96
2a9e398895e6da12ee41a9b29fa917bdf5d8c9d6.png,JVJDBQJ2
2a9e8d295b0553d96f599357cb712eec868dedab.png,9LPD5GFQ
2b4be1629d26fbc4c62516701671149aa86fb13f.png,JT9ZQUWO
2c38508088efafbdd154f2d6a9ac40b42541e7c8.png,C5I29WMN
2ce65c5f7dd786df5af936270719182ee10105d5.png,FXZB6IO7
2cfd0b18f6b5cad74e9e276fb787841327c1c97b.png,PPMU2D9W
2d187748092b55ed54693b751b31ef44ba1e879a.png,NG2SOUO9
2d5711cad6857a53bf55fe7187c3049d3304cf53.png,UGGS049B
2d8cab915e02fc38e6af45f831323f11fae716de.png,7XM0D2FT
2e37c3a68dfc12a6fab0440a21491ac3c87f3dee.png,HICC77KB
2e630ba68e916122920ffa9193b6b39f8d49def7.png,DZJMNVO6
2eb55a0fc075dd43584f249dd879f0958bd0f896.png,292Q4P35
2f041a85261c31d5b65d676bacc95dcee7fd0f36.png,LUTG8I3I
2f081697a318e2fc69c6178e01aed69a5936ca68.png,Q7FRCDPC
2f22f376e0149ef766cf55cc6df3eedd50460158.png,AQODZBZ9
2f2a71bc1640842a8bb4a21ad0be48193d0db721.png,BAJ522L0
2fabba96ceeef76f0ab880660c43a9538535fd69.png,X6IN25IA
3002bf9fdafeea766949fcd90f41e1864e0b1b61.png,VVB08FN1
305a2f7c306ee6b4c1543c6fe5d692470aead7e7.png,2MF39QVW
314b597e9daa520eddac9d757770a6c06408284c.png,K66X6AVJ
3235e9b2cb0a4d5fd3c9ebf9a982c5774f42ef16.png,TV7VGWZO
324ac2967e751ca2f96a1654f0ee60523292c9fd.png,M6UZ50VU
3259a528b3823f3ed88c4a2639acee7b64371a78.png,5B8XSK03
32ced4c68cc039b8532d454c799328e4b1b25a5e.png,YTQ9B4F7
337835de7f61f05b9abec27c400e9bdbd5deec98.png,21RT53ZC
3395b58d40efd003365a09151f5764f85e0121ac.png,QKER5GBY
33cd7939c0158906107c47784e7746493ec06440.png,2IF058XH
340743035219060c7404e5703b2c2b1d198342f4.png,0NBCDQGR
347e97829f8cc2c3c4dbcb82b4771b63ee547c9a.png,WJT6506B
3531065137b7ee31b751b536a9057338d6e8d239.png,DE5YPKEU
35321c8660f5e5c9b0dc0758d7e818a63bbaf89b.png,94RG7A6H
3588b5c9d5e9136d7f7642d35d5ae80e26263afb.png,0135Z36L
3623f00a42478650474e602cbd69b72b54b20a59.png,HFMT7V25
369cb6ea53035d68599e0e5ed145d0ad85b00fe6.png,XS53P2KB
36e87e53a3c3812274e113095c69fce95d074dc0.png,87SI3IU9
36e9b4c8fc293acad3759187034f11886421b676.png,0C94WAO3
36fef296eadd7dde357ea50cbc6823f4f8967213.png,6WLCN36C
3709089a2f8c799c0426d8126b777f3d3628b42c.png,91ZZ2MAC
37742036c6feda60f622ea56c8091b09422ccac6.png,ZUDBS09V
3778a5e778b48b133854ca137bc0a3b263b032de.png,O5KEI7ES
38404a62b4dd345e32ff6e46840aa77a1142292f.png,CWBDEESG
387818ad33952d093ba55034dd56afe799fd871b.png,FOBGHS51
389ce75439debfc9d0ffa8ef8d807f83b56875ac.png,2BCXTG0R
38d6fcda9c2e2b4e17656cd55f938a90162fa102.png,1JK0ABBD
3906d526f54026adde64f0edaad7052fd56abe01.png,NT5FH3WV
39bcfc7a80edf21aae6d93692413c57b09d07752.png,4TVGH6C8
39cad552622128166d120842d65f34b407d8be24.png,PN3WUW7C
3a24b9ca3244a3186ebd5aa1b21673730282b58f.png,40DWNHSB
3a421f8571bca58796c1c439ca7047afe4b506fa.png,UUDTW711
3aa2da1783925467f6e5c8fd91c70f0edaebcc8b.png,KLDYPEKG
3b31c7681ee59dfb25393d3df57c25f382debc29.png,NM7PILNC
3cc658d39b20676ed8a48c4e0a433e6757a0c43b.png,SQNB72RN
3cd910204d7d65421a275d9866f98546e5a51c2e.png,KK8MPERB
3d419da6b8eb8ab5eef735ef66314e33eed1f7e1.png,Q78JRT3I
3d5e4bb7cb7307cc37641d4a5b0740d79f90fac5.png,PJTRRJ0O
3d63d3a14a4eca43a0c97c59806ad736d3b0d8b1.png,FBRY9W0V
3dd07b664a636a20d386c2c1a828e6ba81b02e95.png,J6JNVV5J
3deafd1cd88acd83a9b6ba109021f61996d7d5a4.png,GLF8SJ8M
3e570eb34fed3d58acf0efa25ec0da567dc5db8d.png,JCVSEVEM
3e77aa76554e48a26fc5401833d114e4d7d83128.png,3B8P2P7G
3ea9574c31dec2d389c88fccdbb79e0b3680f17b.png,DVSMZ5ED
3fb4f3d70e270dc3c99435c834e944f66c8fe91f.png,WUKWJONY
40161658fa76d017c5d5c0f1d91e23c653e3719a.png,2YQKYZ9V
40562910f76b84af73a30ff0a75d9a7ceb0255f6.png,85UH3IIU
40764d9a8ade4d28cf8c21df4a0ff4195a2c15aa.png,LBXLVIN5
4119fdf70e3e347ca3bf10ee63f70adc90d88890.png,9FDXAQVB
41648217c91e1cb988b13eb6992dd0d10a29ce6f.png,MTOT4R5W
420f033bde6c1b8efe0a075930364c9fdbd95f75.png,DA5V2LS4
421481db878fa691827b0694d9f41bd4aae4cdda.png,TB9IOXMI
42f2c34dd560af1c7a61bf4157740a8db8e28e64.png,4WVDIZ9T
43e59edb308e57953d64df966594e748b16548b3.png,UNLLTO8W
444d748a7fb11afb9bbbb8e5919b6a5b2d932105.png,36VCVRFW
4454516caee9cb82974a34f023a9ab3f68e2b1a0.png,HNRVJV9Y
450c1a7c9f4b66fd384bf49b42cb003a63130d28.png,X47JNSRD
4538b5678c675ba4fe073cb8c247b29f5cd246eb.png,F7JSXAWN
4600b3c6d84e61e28d5312dd4174bdca2aaf4821.png,9ESQVZSQ
461d89b1920dfb7194c679cf839f70845c7dd23f.png,X9LL4L4V
462449b802ff771d6755690e0dc9e9c03a2b1990.png,SKCBSW18
46772361e695472a1173c080047e2a27a8ad1ff0.png,CQMR5WDZ
4683ab47ca9d26ee791fc0386af7df14f7946e88.png,3ORI0GIN
46b662bacbf061678cc8395a7415110c6e1b417e.png,4692021M
4732e47b1b29e62c6aa3565f10ba94dcaef10224.png,QPPBLKO1
473c4582088708936ddf4ff1874b810622ce2573.png,PLX28XN7
4743fb626c7b4678a6c43bb2cbf1828e665c2edb.png,2U013NBV
47457b3b045184700edaa9cc5c7b52f3993673e1.png,3ZKD1OSD
475da8d9267558bfe1d4b9b816d8922ae7d49021.png,ABWBG36T
492ef90dbe83e6ec18a6d26b2b61d0c4f0206d12.png,0BBFCZ3A
4952a4561b603516af3f42f6f348c1ddd9da45b5.png,2MS5NTRA
49cfdacd8f8cdf3a4ee7d0d263e86c71d207f439.png,JBVSPNUN
4a4bf43b50efd1ff6e16e5ebf77258bf52c6c9f0.png,BD950SH2
4b0a48f4b1a5ac5ad06e764093f502fe00167155.png,0SCZBBPG
4b9687a34ac66c70bafa9883433201006ee5a3ce.png,BCUK9646
4b9cf1c1872b41522de745b0ba11578e05d6ff64.png,TGGHVRDV
4baaad8a2f0a60fef686c1c3b71cd1e7f233659d.png,K3AUWQGR
4bf9b0ec5d6981d0c3fda5c5eea099beea498335.png,KBD65X4N
4c403732972317d267cd68f89790dae7872c6922.png,L4RRJOCF
4ceff86d46e8234481d71160564bf2a8f2ad91f2.png,JK4SZHDJ
4d0551c690f33b6224e056ea42a2d47c3f1c1d47.png,IU24E376
4d8f86ff3317aa505afb6885d48bb683b0ae285c.png,S946EWIJ
4df86c624d81cbdd73733271137d34f27083c6d7.png,5ZBHEPJ7
4e38b64e0a18b78c003d5a1141f075032b19ee97.png,2FQ6P0R6
4e543a27d8a5ee0169476b6f044a1b9541cf6358.png,DW0DYSIR
4ea4d3f885c0478c2d792228d5c094b98c5119e8.png,F1A5S9JG
4f2a232b177ff1d75cbe7ef9234a435f8f99c00c.png,9M61I78R
4f3bc652632fe0715f47a25acaac2585a016b00a.png,8LBKV2X2
4f564ccb53e64f1ef6b511561d4a663e1911fdf4.png,25J6W3NF
5037a3aa3d18096b8848c8ded6d736c9e8165b9d.png,WYZ0HD4Y
506d66b56fbe341477a43024ce39a8b059be71d7.png,DYENLL1K
5073db1a85a518021c8cc55090fc8ffcf7380fa3.png,AVC1NKRW
50c4b5ff71ed79dbd24226649014976704df3a56.png,QAI8C9BT
50db0b5b6664d678bdd76c1d97a48209982db0af.png,53ZUD1JK
50dd5951cbb0c0edffbc06ca49412b99b9b548a8.png,3AAB9L52
5116e8a680a97349173e9ec543ec9b69ab7937e0.png,ZHTIAI0H
5142eae5a2a7ef1e55969850f5c65884a7076979.png,X4LEACY5
52b257849d1154c54d787aab1483879a1b3894c4.png,UFEGMXW9
52f072b6f22081ebf86109012e5a7b1ca03d54d8.png,N85SK1HZ
52fdb5b1a389100f5f3248b099f3829dfb17145c.png,QKYHDO2H
5339684ac110077ac29d5e697a69f69197e0fa95.png,CFM5EN3J
5383d722da9eb3fa17f6bdcbb9ca2f924ae51c29.png,OVHQE8D5
53bae6382bd4499b27325ef1b38d832239bf6040.png,QUOBQDCE
545d0e7cecd1ae0a9852b67997fd764a5f068adb.png,LL7J3QGV
54b1d3717f0bb8dc0e8eb3e8eb97e1ebf7f01898.png,O4LA19SJ
54cfd6e3a3f0cfd2ca1b1663864dfb82bf8f2f5a.png,9H2EN4T6
54f340c704ad28ed126daf99f49c249d84fdb6d8.png,UTR0LTCN
5611d7dd0f5bc1341172bd88ade7ae5103dab844.png,G8XL72LI
5639ea7137d66c38ae9b1ffb748434acfc654320.png,33XJ3OSH
569af292830486e6fa8d69765d1cd4b3440dfea1.png,LIX08GWH
56b0b887d15d2d1096461a2afa4c843f72936887.png,DA1PYWL1
576f5c23241094d4cc7eab5d39c8d8baa232721a.png,1PCQ830O
57bf8117fe5e9cfc8d75ac057a46f53c4aeb91ac.png,29QZCWE2
580a933ad5ae697441efaf9e54dca6b0c9039d32.png,AZOF3GZQ
58e3208f80454c9901a32e712167fc54ff5ff3ec.png,ECJ9DXTL
5939ab8a0c6244aeac58e86921068558f2682583.png,BLHDQ87D
59523cdd632b8e90ddc511799906032bfe22b00e.png,ASFDTVGS
5978c9f46cf9d030e291f781e54ff0a389199095.png,4BRK4H79
5a14954563271b8a74a7197de1fbebe3b79d2301.png,03Z05YA0
5a3b2cfd074bf217c8ac53bac1eaf60d993768a8.png,M60XLMO5
5a47bc0828a48a937a61dfdbd250c0e49ea23a3a.png,SFSWR42H
5a867a5f5d27ba4500e942546c71f69c54064cb3.png,6DU7ZQFN
5ac61016d5825aec3a67ff880458d5a8b54ce480.png,QKIQTOAS
5b25a94f07155b8f897cf83116eee8f1f6a4f603.png,OW1QDJTY
5b2d10468bdd1f26a56ec9bd554228fa352f6732.png,2H0V4KIM
5b515bf3f9e6513373070e7c7e3b492e2bba7753.png,AJHV86J9
5b5c73581e90b1e17f4a25f7a432a84aebc30cfa.png,C2WTUMF2
5b6e3a7f1e2fcfbf08b4cd7f6b7c1277ebd4c72a.png,9HGW59UC
5c0e3ab5847256cf14e4fda7a0b6f34128c9ff0a.png,CYH6PDXK
5c141ddc79c0b4d84a2f858b080b24fcad5fc1ff.png,FB2U7C6L
5c52ea3bf7e9f2208ce49d57a39bd41753bd4e2b.png,JA5X3LO7
5cce459968e8626e546a2f50abedd4b425cdc87c.png,ZM9JF73L
5cd22056a380c3854e7f239ebe05219d46f4374d.png,BG7COLLX
5d80bb5cfd3253ff23dc0be36fcab7037cc83986.png,OQ7R4IVJ
5d9b64cf25d9cd3cb5d65ad006b0510974e5031f.png,NPKGJ74Z
5dc1d528d995a4180293d425cd8271679b7490f1.png,XDV0FPUN
5dc8c4bd178869dca1f1bddf2b799b0394dc8c72.png,W902RV9A
5f4da7fe0379a993500cee793fe9152868276cbb.png,7JE10VXF
5f6073de62d05591d2be7aeab84f8803e2da5490.png,IKQ3XRBK
5f963fd759564e9ef3d9f6d64bc1091e7b28b66f.png,WM38A99S
5ff07c1d436e33c3cb36e4ffdfd1443370d6a4f6.png,EZVUUIIP
60002a9d841564afbca34406dfa53b2a179edb5a.png,TOGAR7NV
601f388633b59c003d3914b543dccdabc888a2af.png,XIYL6KMX
6033159c6846fa10ea7f73fce4d1f2e8b374d10b.png,VJABDG68
609e3304640b140e47c8ed24018058e1f08e8003.png,UM7RV4CR
6177e076617397fd13d6b11bf83ef2434fc4b559.png,JAFL4C65
61ced2d21b21a43613be6bfe13ace28d9f856034.png,E875JXXN
622c61991adfbfce6be9aa6ac2d3ff3040704d56.png,UYZT1UCQ
625e270a9ea7aba91fd251cfbb5f412cda174133.png,J00UH4UD
62a8270707d9f9287a99c848cdfb8d24234728b4.png,7BWHH4RB
62b22f2a05a5c0ca23f1194e564dd1f3337da0af.png,3ESLYG4Y
63d1a099c53cc04ad89271d1e179df2d3eb284a2.png,S8FTC8A1
64038323d9ca01077ea4a6595e40287f40d7aafb.png,KQBUBY54
64376d5a44780821bede173823a146ee0491b5ac.png,FRA1O3WN
64d6750cf2190a7feeb364fc811f4f10b0162843.png,NZPVNYKX
65465670c506cf325e0c3801a92f8ac2a01abf07.png,J5Y38JUB
657a2925b28d54c96c771826f6c210ed89593e3b.png,PPQ6YQMX
6581ed0085351950e8f228ae81bf030f4cec02d5.png,RO3S1XMM
65e42cbf95b8abce08f181087afa3fd401474917.png,G1B7P0J4
6654224ed6c14b5fe5d2863c34908ec6d05dc69e.png,N1JUK9PR
666c0fc027ec91c16014578e1c0f0c8023b804bc.png,8O5TG40X
66f2fe456c31d9a3108b834a20f1ff5406bbcbb6.png,J9ER0ZL2
673658c68dbac01ce7a9fd75ea5dd04e3e6df5bb.png,GD7I1SYM
6757776cb927cbcc24a538bff7eaaec482f3158e.png,HZ509OIP
68336663fc71ab659e8cfa76ae44ebd6e2c18e20.png,D8QZ0AK4
68e00a538a6fce59cf93ea07f88cbcd31817f09e.png,KEXL8RKA
68fa06a632dfb0f00721c0c923f6b16b8274b5da.png,DZL67KZ1
6936c66fe516bcdca66c0bc10f617b952875bc65.png,D3ZTN0YA
69d3a165a01201ff5bf6c9694c189f9c2752e0c9.png,43EUVGLX
6a3c1167c05edca5656bb8f8144775c770c4b433.png,8Y30JS56
6a98a75b3b1d26ec6e826e06398949f2b2c991e2.png,CTJIJK0W
6a9d579ab61c3df826ec638c1cd4617feb84e181.png,UH02R3RQ
6aa53d74ab121c76a4c8aa1b6aa3abdfa8c4dd20.png,9VQGYNZG
6b804667e30003749dff5f949bb1b9139ec13c07.png,1YR7XNAE
6bf2cb1014f630170f4cfa574038a3e253d9568e.png,AFQGVQ3J
6c35f3cc76dbce991f622ebec87127c49a24ea85.png,A1O2KD18
6c56092bf39b7bfd7248937563d90dd40c3018bc.png,ZVCPI7WI
6c9a70ef84ec3ff1a7e28e9d2122b99a93a7fd5e.png,PBNULS6C
6d9a38a83ea7df8ecdc7db7a80e57a6a3982c90c.png,1CVRBF5F
6e3d54df9105f9ec17d99b9874fb806490dff578.png,GBFITDOY
6e5d6ae73bc7741f3b6472a5b23dccee55b3e41f.png,COYR61N2
6ebf6ec445c18d007060b1a2b518a0bca6d01b99.png,GGC1CZZ1
6ec4bea0c5aa8f3cde1ca41188f257208b1c9c36.png,571RPKP9
6f0ca9cfa5fb68d25ce47f6a082ea565dfd744c3.png,DJL2995G
6f223e955a0391a1901df49b5f9565b487e878b8.png,CIDS2NO5
6f279bfa9332aa9ff1afe9f81b1844d84bb7851c.png,3OSSJ0PF
6f2fca221f7c65bdebfe0a8c7fd91c9aeb13bafc.png,89LNX8JK
6f342c2bb2f981953fb0b8465434c78a095de939.png,N1CALKO0
6f90e6fbfdca887ba71cbcf8fc0f518ffd64a537.png,SOVKT0W0
6fa33065d845b46a6642d96146eefbfd9f861f52.png,V402JE25
70625ff1a364361beab98263aa24e0a926ac40c4.png,WAK5S1WU
70a418a24db52b560395d8e03a057caaab3482c7.png,DBWEVG12
71435dfe4b3b7edab481f2ddc6f0cc15ad0d9e72.png,FC6IMWAX
716b2a9d16a5dc655ec3738f17c757ecf3651b1e.png,MRIFBLBJ
71b459ba4ddde500545fa93cbccac5ddc5eed2fc.png,2GHS30JQ
71f0ec54f3bef5f5c6c89840b7eb0b4e680d8394.png,HM5MGWWH
7215c94c6b7a9351f49123bf709e445821b2b28a.png,DVXX93Y3
726c8fe67a34a82cadb7df92aed72accb630988c.png,6GMSXDCZ
72c0a2dfa767386bb8d6189a4bb2020bfc6e896d.png,0KCJ8PDU
731da30440effb7b103c3d26aeeaa14d5d8e5e1b.png,IZDEBIPP
73a8c65f2a514a228e782631b5bb3fc5bb90b140.png,65R7BXQY
73b90889fa98108437dc7c5c82f967a2d8778656.png,39BTU6VX
73ca630c0a170d6593f5c3da8d0913862a39227e.png,VCOTSBG2
73df8fb0203841689eaa374213627f2f7cec1f69.png,A0KWAS0L
73f6dc2659d5579d2147c9c2fdaa3a1186617816.png,JZ4SZR0X
7439680f46ab1f17557a07a13791827046f41fde.png,CKW0LZ4T
743bae19e26ee48f792f2e9fce79bbe63525c1a7.png,14J30Z8A
74537772b40907862c13177ae8e7def01d9f0626.png,09C74I9R
74c6d19f532965f5a93fe8b68d6ce5e04fb536ed.png,8V4AWUWH
74e8811e4bc0076b0e581841afca221bee0a6149.png,HZCCPKTW
75121029300cf84ed53df79fd03b81d47f680ded.png,1WWVOSAE
75881c110c56244757c277c96cf77e9618cd3b65.png,GRIWLLFC
7603aa4f1437d7d9d76d83458eda854e036d225c.png,FNWUDAY0
76150db8cca18162adb685c9f247c1076c6ed4f1.png,2VADQ0MR
766bd56f1e989ea0ec75cb8a7509fbb6a432be57.png,ZG45WIRR
76e8e9b570b868d63e3aa377409bf32b0b3a1c41.png,F2B8JWRL
76fff9b49933bead508903167fea6f28040bd215.png,Z2HA3F6N
777a7a7c6597e83f29eed93c69b5c73ae5302c28.png,6RF340U0
77e9853417676c3dbe1cddf785844482d50c6814.png,KEU78BQ2
77ec2451458caf11e5bdcdf088647f217fc3697b.png,WB6G82MI
7803565e2e9169444b078a17a548232b8e3fa897.png,M5CTCYFO
79740260d1db80b866eca76c7f67b5e6b54ea03b.png,AOVSQSDC
7a07e0bfe13600798459516d7bb1d8bc6b37f435.png,O7JCLJAN
7a475b02a98c265e8a8dc590470c8ea8f70002fc.png,S59J49WQ
7a8587759b275b01e7ab20c708f3887143bca535.png,PYLEIA2P
7a94fd9a8a4ea40b9eab9ef931b3b89e7ea9719f.png,W92A35XS
7a958d33f2fb8b8924f942c544f05bb085a0061d.png,3495FAZ4
7b00c0240102ff329452ae0bb22a001c7606ee09.png,0E02997N
7b6bbc5c36d44e30c4d3cdc7a8ad3c62e9827760.png,PNJ7LXZS
7bbf2e2739762be0b9f8555eb6204e2c42d36cdf.png,2AZZ0PNL
7c0e5d137d1931fc672cfc1916b47c7005a51fba.png,47MRRO3G
7cf7280aa32df650352d5595cac6e01c401970d2.png,MCJGGO9S
7da9866498e5cb2b42b8ea00f97100b0bdbf87a7.png,J7S5NKO6
7daf45a869bcd9c0f159e9fff37de3b2c04234af.png,6B0NWF6Y
7db7eaef65ed006a45d98f769420ee1711e58e46.png,XXE6390Y
7e7ec8e94b23c522c130b253e96c75605f2b9043.png,OO5SPWL7
7f0a1267b079e4b81939ade77c975961e732be5c.png,M65EO1GQ
7f2371b0f01c2f8215900338ac8b235e6c70d92c.png,4DLR7JUY
7f290318ed085b3ad97a2318e6a411c11cd7e9a5.png,Z408QJIW
7fd1bc9e93be44927f33fea4de81f7763067262c.png,WL7DOOMA
7ff686359ab087277a2011a83382962ac4ddb752.png,3LF0GISZ
8029246b53c3d20c2ad38df93accb076e52d824d.png,RMWTLTWZ
80b40e5bf23235ea68454342e38df8b66cf3b2fe.png,G2KCH26A
81378fd6c361d67444807ccf741bc682957f5e30.png,ANXX4MRS
81cee0bc88e813efb0f023bb8578a88f64c018b3.png,Z3113TKG
8224e30595b43e2a51b6c8dbc6f7c78f8ba0702d.png,7Q0HH8ZJ
824148140605568b43812b20b2a7d4468441b2c3.png,4Z1QDH63
8270c96f00f9d2ada9da6a5a9c12e823a311659f.png,W2P57BTD
82dd735fa96268b05620dcfb0062a42b5f43c060.png,QU5OA5WI
82f26eea8d8ed87a4dfb9e124a124eb775acdb0b.png,G987R0ID
82f65eaa684f41a74e58250bbdff65f195cdb99c.png,441YWLY3
840a6b3067a7688b087371c3cc7eeecd36c9fd57.png,QM3CLD7H
847cbf0f2872db48ba09c9a50451674d581d65ce.png,4SBQBYWG
84e46e532c4c59239b8e529bff6c2d61daa0d227.png,9SS005A2
84eb43a3952872cce18b49810a1bdbcefef09a0a.png,MNUFDUG7
85ca8fe6705ba0583c12826cff853eae3395fe2c.png,AEFG2W5L
85d5092205fb32b56679e76ef8ec7b87f43a0779.png,F3ZSMKPQ
85ec102513a1b582d79ab4adb0012cd56736b126.png,PS3UTW41
862f069a340b0fd165eba9c772c9cc71e6ff451a.png,BO2V70PN
867df818d3a6c353b557c8cb2d720ddd91295f49.png,BFCEF45B
86919895c111ee1f06732893081eac26ebbecc62.png,UPJBQE99
87530921110a7604cd0e1fedaec5acc6b99a4eef.png,RMD97QOI
87d534c7847e89b2e10876956168805f48726898.png,8HAJVXPM
8818c3515f6842431e4f2072a1c3819332d270a2.png,4LNWYHGK
886f9cc6e72d03113aebff014ec0a71e96d4f229.png,JGC4AG11
887453188cafb2c8bd5596ad326dd28bbdf891e3.png,HZGMBTD1
88b569443ebdb53bb9ccd85e315c74126f58dba1.png,MJAK7MYS
895e27c8931829fa424bf1f1887c7e073484f82c.png,IL6JE4J5
89c175ae943f217164dbb7488fb2cb286de1329b.png,GA3L83YT
89d02db4676d7e41cb1e170b9cdd86a19bbcaba0.png,I5MF5ALG
89e7f08b976ded70aa162edd45f0b79008ea550c.png,NWB7HQC5
8a07db7be445a52aa03270ed57cc30d9fb642c37.png,LJ66ITLO
8a5755b30a429251de7b0b2d715c3ad5f6543079.png,6PCFPMIR
8a8900267b0bef354bab449528bbd03df5b16b48.png,4KQ2BFDF
8b537e7f62522f9223fb4f33af929895c542dd43.png,RWHHR59N
8c76fe086da47f0ae8e33026797597c9d16f5eb5.png,0RS2FHBB
8ceb8b14ce2db59d8948020874a2d8a1333a9f44.png,75D7LF36
8d66ab2f0ccc7226c0603ea66ff5f49e1d8acfcc.png,0R9B9WJE
8d7651ef81d126996fc60ece8a9bf6fbbd694a54.png,R9KPNLP4
8eb5ba5bd068e4f0ff7ba1d48c34e8727c99a74f.png,OSI34CT5
8f74a15ac7917260b30a13e94b2734bb6de4d318.png,BMFK94RQ
8f75c242397c32226778b04f9c80b81dec61de88.png,6YK4OI71
8f9d89a03714d858bd4137dffd260a36273d59a5.png,QNTCRSTL
8fa0c45b3124847b9ddf632549974299eea120ab.png,4WQR6MPY
8fcc4f743252dba2053f83ab70a4f1a7edf230da.png,UIP4QL2V
8fd8ef6522570cab71d40a5bbdd17105341b7d68.png,CT8811ET
9066661f672c4a879e9ec0f6fb62a18c2c3dbd80.png,0T21H2H3
9077d5e63895adda46af9b13fc5e3856a4505619.png,SIXDNAVM
909acd9ff9368c78801f7004c56b3d054331ceed.png,PI30835D
916e99d67d3af14d7fbb9133de398368225297c9.png,G6EETY01
931c93cd3b10de95f80c7dbde9ddb5bf9402db17.png,AL0J0D25
942ee553705bc426dd2b35f9f8fca3c03779378c.png,N3IRCTX1
94e04adff2d9ca651f4267711c57e1b74e29185c.png,NNU2RW0S
94e3247aa0aa44a9ec1183afe6f359f1de81b253.png,U3RYMWLL
9513779ab7ab000a9f43e1fdf3940c2154a26055.png,AZ4V1P3P
956b7aeb04c3ec22b97918e07b6a20b72a2a48e6.png,EG3IP6ZL
95a63927142a55c4beca8f4372eb647fd5b1fefc.png,HS2GNNSM
95e85482af26bd50535afe17d72d82fcc881d163.png,528Z0I76
96c750b857bf0faca406baa921aed64186a6d7d3.png,SPICEET6
96e289f74552013d2fbd0d9914a3f9ca841453f8.png,M20ZMIGT
96efdffec4fca80ba546d00c31ddcad01037b095.png,GJ4ZZ7FD
976f148f06421f1fca960270d0dcd1ad3360e53a.png,7J33FZIC
98317351bf7ebf14901b884ab5eab1060c79f082.png,PN0SY3RD
983c4b2f617bf3226e9c70b5c630f10ae66b3d59.png,YE191XHA
983f746e9ed0ff54c0b621d562f213a76db9b8f8.png,TWIJES24
9861b13dc5e0c90dbc867af185f74eea155989b3.png,B91O3P0W
986416af5d9a72966b1ba54b751790696611214d.png,2UKVUPR6
98facb11b82b305759c57f67861b9ddec4395001.png,75MKJ19R
9918c31c41ba653d6fb4ac9c8eeb5fa8e60fc182.png,ZA7YZHMY
99e5a8eff529f4409824369ba3d5f8b9c1667eb3.png,K5JR5PJE
9aa71f5e590b3ba2f7745cc096f63c4a1e6b570f.png,659GP0PB
9aba88c8536ae30c7e278172e54871de9790a37b.png,AOGOV24U
9abe6f7a5a465c8751cfb519f8b6a9f87b0da8fb.png,Z3NUYU6R
9afa96f301890083767d68733835c3dab0f92b73.png,K1KP97XT
9b342d273d87b3bf6ae62dd43e77eae1f3c550b7.png,E2FWAG3K
9bc4e5755dd1da7d431121cf357f63f88f5299fb.png,GJ3G6RAO
9c0264260aae2124909d464c48fa99861ece0019.png,2K1HDEFG
9c9c195c5a149ecd28cb74e88f81c53ecc20e6b6.png,KN29SFSC
9c9ceae5b6d1a3b4b1abebed733ba99c69070ae6.png,N9MSWN2U
9cb020e20bff399145594071a40e09da7cbe5661.png,CPHQKEVF
9d35d29bb840ea738df7b24b0b0021fd9c7950c9.png,190KAEBR
9d4aeecc21a1769cb98a0e7e2bdb6e7a3ff71d6f.png,87J4VV0S
9d8a1e390e5b1c16b6b7739aae37a4c1bbc126c3.png,07TJRFE6
9fbd1256de9e2ae9c5cf95171849b41fe92564f7.png,JG0FQEKB
a089eb9c7e0c33a25dc1f4d6dc1be848ec8088dc.png,LBMX05X6
a0fe633ac4c0a9e379b4806f7f47b26a6ca084c2.png,LO17YO0M
a1072167c4bd4da5a74480665be13de99e58f892.png,53ULF3YF
a109643c7903d54868875ae0e01273560ec70936.png,JCKX8TSH
a16ef3a6fc4da7bfc9949c5f657ae56c9e511aef.png,R8M8IFJB
a17dc0ae603e292bff256e896222603596079013.png,AVV7ASER
a1bcc4c0abe364d300010450188fcf05287d78ef.png,COAPUXJ5
a1cf31f255dc03204202b40b4bdec6f083aa8d13.png,PFDZE07O
a1e715846f3b97eef2798a6df9478d7ed53d921e.png,9TGFS283
a28fd081403491c1da1f7e62203d3e4c5c6ab4f6.png,8GN89902
a2b1c8789f6fe9e1a7cf032bb6226e8d8550775c.png,7ZNLNBEO
a2dfa15ce7d5f191051402909d62295ff667d2db.png,DRJW4V8Z
a31eda121cf103bef9fa710c94224bfc4f2c1afd.png,WGAVG9X4
a32fdfae131a012f41d3dd20bc26bb9dd20eb66b.png,R0555A8P
a3bb5e77227f3bc37f2d208797a4815f6a232303.png,9G5ZVP0H
a3c4db4d7d629e0c3b49919205439ccb565717f1.png,J1W1RN17
a3c8d098f2293bd08afc16b35beb635b2a285770.png,BO0H7RKI
a3e85ebdb0198ba76f605fa9df558d0f3ca8b8e4.png,47P4US11
a4398fd5048cf99e9452d3dfc3dacaff7ff927c1.png,HI4TTCCP
a545d5f64b3a228c0649e7bea110c24a3417c556.png,3LWM123B
a560fe533c0372e59b6cfcbc48b50a86b7bb3d48.png,AK8M1ND8
a5a4a6cf83294098c9fd80600bdcc4927dbf188b.png,PBXAPHVA
a6c3d91aa2f29b62b0d22f38f4822c405ecdb9c8.png,1UCOK4XJ
a6cc837e8d1e011103b6a78bdc5b154e81a012a8.png,JB1F658K
a787607549d3e223c1eebebe07456799d8bd6038.png,GK3FAVCW
a7a70cf6c888d7db04537139d5c6735ca500927b.png,7QX7DQG9
a7c777906543c62a574df0f4e399fc61db6279e8.png,9CWHM22O
a7f7623747845a75091a203821be97aeb78f6f72.png,8CZ1SAGW
a8b42779df2e469f7b38be56d3c7738f7689d42c.png,X9PCD9FA
a8d956534f822e54544e105ef26cf310913ede8d.png,3ORXA6DB
a92bf3d15b64cde6448d6b2f90caaa6da69ca0b7.png,W4B5ELI9
a947237315dfa1b83e7e6b30612217f6e8ac13ed.png,0CTWFATI
aa21628d022acb1ad52391d0dc76f7c05c148bcd.png,F0HXNVW6
aa312551576b2bc15ad76092a00ead649d61222e.png,1GIIS6UM
aa46d7c775cd7161bd5785d24bed527b1ee90c71.png,2OS86FJK
aa5de577822e1d933cbde0207c20cd49aebdf98d.png,QR8783DG
aaace14fe643505b239545a4bbeba31d3a6d6b31.png,4J6WGQHX
ab0ba6c85b9935e71be781eb6042108afc1ebf8e.png,L9CUEXJZ
ab2503f8cbe97ed244e3d88fa1a4bd6ced55d15a.png,4S9WG0F2
abba3aeb506f621a612f2b680a56dee61fdffd29.png,E1I0QHKI
abcea05da5c79eb10d4cf00f650aec4c2652bcf1.png,60Z78J3M
abd32b8d7d12545fad18b28f61acfedcba004413.png,TG5JDV8D
ac1fcf43d6a3374c0bbe045fa32397dd2d3db2fe.png,EH5NUV0W
ac906b36141eac855cc1d1a5789f253bc7f51004.png,LH2BZJCX
ad28230bb172e308cc17fba1c1378ca8cc1d68da.png,G70V1XAU
ad293ceb9027ac18b1179a36dddb00c9a77feb9d.png,7IOFFQVF
ad4eac54c7dcb24d44bbce28553a1bc70c9ce900.png,C5RUIAK0
adbda6c8a4c8a466daced0b9f89ebe8b9afd5e2d.png,A3TWW4SV
adf1aee5e7622449e1cc62c8a3e209758a780ff1.png,NANWOATE
af11dd7de5e5527f32926c9ee11272aebd72a6eb.png,BHGZYVW5
af3b293b5165915a442c73582672f45487616713.png,VCFXI3IE
af91e3663a445c44ba81e69b6eb71cf9233094e0.png,GEH2HBCT
afc0bcd96917a4d7c76aad241ab00ff0059ab6a9.png,13U0J2C1
b0f77130dcea1e8cc9cb34c7eff90e8334e82dd1.png,S20SQQLO
b12c01d2524d410030e19b39c4b691e4c1a3a73a.png,3VLNL3XR
b1572d03e833de09cd1fdb7b90b1b1adc005d552.png,H6EOTLDC
b1605756830edf95965a3db1744d4cb7090e0c83.png,B1U6K80Q
b163f5822fec731244e674f379db5a29ef7628d9.png,M509MQE9
b18482678e1fc8b799c837b5de4ac67399e0ab61.png,ED6GAACR
b186b6aed4c3a5c4f78d00c0ff125788e047b958.png,C855WEL9
b19fd9124ed29c6e9151f98e8463e20782871472.png,3XTXYW00
b1af63c7b8b60ba4c2a9705be7a93b6f69f98dc3.png,TC0VNN5M
b1e56c217c83d10a2d2ecd726b44dfa39628f9e3.png,TLPV9FIT
b2377b378146409ecb36156cd77442b22445329b.png,CUL7HCFB
b25b07b174ffeb483eb1b067f0a3155589b8383a.png,LI3PSEIO
b269f6e994aaa0d64a0849ef5a9b41cdf1a03440.png,WKUPE4I7
b29ef21673d007b9b161b97ec32778f55126ceb0.png,A72LGF92
b2f8a4ef7a91d82d1f2065705267ef19de1fbb6d.png,2LX6SRZQ
b37984ebfbd3402c52c80ec74164047fcf38001f.png,XYJ4CXB1
b3fa4d7d1a13ba007c860a789b712ef951307daa.png,Z2YVF2M9
b48398be7fccc52174ab30cd671189363610c099.png,2WI5Z9D8
b49987dc3b45e2d08f53af2bd1f215dca95255f8.png,ZMAE9AA7
b4b0d8334d83cf083014905dc92b6cceda1380eb.png,XZEYB1RZ
b4b4e0550db3c9202e488dccd6f419d9b253268b.png,IS08YKKA
b4b9e86d187373ce0cb988f12a9485243524953d.png,6R1SXVBG
b4d9c1ff5c9612668a90853b4b8f1a1cf58093d7.png,CU3WUK4E
b52c5774b1c5aa3519acfd748a33c438f6cf865f.png,X3A8XCGN
b5ddf0abf52042af90d800179277feff1d62a104.png,B2TYNZN6
b5f4f28cd37bd74349eebca7ea318cbe1270ae10.png,WUM1L9Q7
b6616161997c9d24a1f97bd706dc26b429dc7efa.png,E868X2H8
b6963039ad3d88b69d3ef2e7bf192299118e3c63.png,S6TK7LN9
b75df1095cbcc00a688d2d864bd15cc4dfbbb05b.png,FJKG68C1
b7cacce738b7828a96f29ad72c29e5b6de2591df.png,6EHVLVZ5
b7f01af5569c05ac6501964ffbec1179d5091da8.png,IXCLG9EF
b8df37b392f2b23f42904ddf7062d18755db3103.png,OJOJ38VA
b8f0a0f1101f3f89675da8008c13ba8040fd79f5.png,H3YP3W8D
b94ff67e4d729ce2da2eb228bb2b85b2bfac3efc.png,BHT9SIUP
b9511fdaabb380581641616307986a96dfc31348.png,9DZG0CLO
ba06fa7b33b85b119c8b275298bab0af2f0d320e.png,F7JDX58L
ba43cfa454563359715f4b6a167fa19e7d85cbb4.png,Q7Z5KSZI
baf06326f69cbac413f1b3d98de1657a3374c998.png,ELD2P90E
bc1b234e912ab5c356956525788b633e27f46ae2.png,9U7DBXME
bc1bbe18c7eff69ccc2f3195d10b2906fa4153da.png,NRMLDEHL
bc2c7b84d84db85115c8e8e8cf5a3e138fc5e055.png,LS4TWB63
bc4ccd0df040e204c576c6ada2201479e463555c.png,LC5H4DBJ
bc54b28524d5ac6cfc3fc43f3bc5ef72bbe69910.png,X0LJ09N8
bc69e5f66529277e9a88b935b1ba87e7c47b640d.png,FVVTYNN3
bc78eae94e65ff050629d9b9df7f720a5a69c0a2.png,SYNFRE8Y
bd3a6753a4cb3a102820105d7287448117e2c567.png,AP6PL7Z5
bd3ed48db3506c8168f160d76dc9d42c84932c32.png,I6D0VIYQ
bd70b2b206ed559fdd84a7dfb81e2c3807806b6e.png,O4JZDCNI
bd84487dbb4ecf454863579576efcfe98e47e4bc.png,XS06LWIQ
bdee7dcc7c50a2f7d0c457ceb553698f553c64b7.png,ZBI3U1WD
be138d54e4d3bb89137a3620f285e0fb5a02daf4.png,OMGGDDBM
beaa5069b33bb251b0f3358b61942dbf9d4dc225.png,BNLBXL9J
bf70926a86cd3898522662ba09c564e2f4bbff54.png,4WSO0NRQ
bfcab961012084c8c2dc57b61f7202d96cedddf5.png,49DKTBW4
c070e790f800ac0fe77f1aa987650203544f9703.png,AG3RCXC1
c0a1fa139543b23cf8d61315526d73b3b4861f11.png,KQ8WQ2BL
c13a0fa7db1ef52d970821cd4ffdfb7b969d8970.png,JX091V92
c1e96e4753416ab67cdd395c7dc750295e0db0bd.png,TGHQTVRO
c27ca1259f52485e8412391be12cf8c547345afb.png,3ZTABA86
c2f60db713d947e71ba7a99bdd81bddb5fb655ef.png,TRO6LWYX
c2fb66f1f16dcd2bc44ec86cd5cb5c72bc30aada.png,MG1X0P2V
c3a031fc215630715b80fb95b6092625a7ad93eb.png,PWARYKC8
c3ea4708e95641060b928b05bf15006d7af1a4dc.png,S2Q1I786
c427f541f4e6b1ae6653235e15039c235f1f8ed9.png,EHXXE5JK
c48e4802b9e9fae9974dcfb585aa88a6b41c544e.png,N8HVFOUX
c4f51f2c1f08935b27bbc61a77c94f9906b75524.png,7W8WJJFR
c56852df1a919ee044bda24ae486361d67b08a48.png,HJ420YTJ
c57ad0b616426eb47016f91804d1c3c1521efade.png,518VW00U
c68a4c974f8aaac277649931d73028db29b37bdd.png,CRDC4RTJ
c6ea847f7d7e71acf914812f1bed023debb064bd.png,3PNVZTDB
c700405a7a4f0837a80c2e36cae03a8d20ae91ae.png,UB76CP56
c707f96ac4e4c487ab9ff26477a070688d198d5b.png,DMVB32Q1
c77fd34fd80515ab8978c575d44b9592286968e1.png,P9XP51KZ
c80c768dc99c9bf335dcdb0eaf173abe95fce99c.png,1G47G0H6
c841c3564f3c4fbd0218dbbc0b0765997bd84c76.png,TOZHNNX6
c8b439b53a7063ab9f683c3966cfa4c78618224a.png,48T7D9I0
c8c831a3561b821727a9cdf54bb0194cf1e01999.png,DTP15XZC
c8fcd66ee36b60ba13b1980ed906e8358d93a2d1.png,1SXQGHXZ
c92558002ef944cf01c2e8b250ac7ef538e6f253.png,73WY1Q3T
c9577950eb9920ae6df7a3a6034eb5cb25a79dd4.png,9J9KLC3E
c9bac8931d55b981d2218a8d775cdd541f587e2f.png,KQXGO723
ca8984b2d7ba32fed61c047ee4de728626e5e0bc.png,JOQBB4IE
cb3ec45a9fcc274f0a80b4c3821cd2c52d6fc91e.png,QVDGQLN1
cb5a4eb504e15cabe6ae0d37f3b07708675e8687.png,C4PHKL34
cbc88f4fc0696d0005a4091339d3fc46d02a1a2f.png,P8Y3KTKV
cc0edfa6fbdff144a2d9c74d35f774059464997c.png,ACQP3V8F
cca67d4cd19408f47a948b727b5120f10b69c865.png,Y719CQHO
ce62bab866a9e95f3a0d21b1f9ddc8c8daea10a6.png,82ZXRFGX
ce86fd254003616fdbd1fce080855aed6f428b11.png,DMVJQY7T
cee1a0b619f1c65b6a55e3aca97b0070bf14b7ac.png,L3K0GNSS
cef7b53940562585730678cd7c829bd76ff148fc.png,TFT6O34X
cfbbf49186c4cb268b84d74f91c913be6a8ebcc5.png,C8UJPCPB
d0ae5816bec7737a24411c7e404487d15db73860.png,2PVQU960
d0b68ea2331ef35cf8768484f3d235660909005f.png,J5GBK4KZ
d0d22b5cbc40c0e283b05398e30cbfa242c91f19.png,UOC79OT2
d14e5d692192f44449fa5959556538ffbfbd2da3.png,2VIK85MV
d19d640747b8c8b6ad24d4beba2faed2155de6ab.png,9U0FBOCQ
d1fa2607034d8745f23a320855d07de51dab0408.png,GLZDNU1L
d2bcc13fa41f39f883ff279e8c8eb001d4b6e863.png,RG3FPXN0
d2c0bf2b8713877c030ea0ed60815fb77a5ebe38.png,ASC9GPJ3
d2ffafc090713ce19eac29fb4a744e2bd09fa00d.png,6AEX56GY
d43255865847c059fcf6378b1e79072938775f60.png,VVUQNRJ8
d441280aba28e37cb42d1ff0c112c8976108d08a.png,RKIKCG64
d457408dcf6b6b7cb412f2307d4d86111647bb5c.png,P40EX9O1
d47c659cfb2b20617e02be6bf78f34aff0b5642e.png,H7L04HV3
d49e80161a287fddc7d57c648d813b2a14627ec1.png,ZU8KFRNV
d4f099488c6383ed968d1074492548040fe296cd.png,VAPIGKI0
d538f08d56ca5a90579461510e40b4ab0fb8d213.png,E0Q6J0GM
d54f427d92c5fa09cff80ce588259f4f6fadf662.png,X3XK5U12
d5764c736a29e1f9792e88cee7db8164d21cd14f.png,XWKLUIIQ
d591f9dff91112986454620a260dd453a499e8bb.png,TCJ754Y6
d5b7a678c407a92cf189634966b9038bb83358da.png,4IMLUPWP
d67aca455d8345e90a727fd710909c3893aaea67.png,L55YGCDL
d6927bb01a558da2c23c69d78a382458186ff2c9.png,L2Y0QNSJ
d6ba9c0f045250d02dbdeb9b4d2d25206b42d315.png,PXW7LGRG
d73157303876d6db6667b1cf2ca0ca7e6d688853.png,E1AB47R3
d769243e1abf88ab50b36038c55fd03af737d474.png,FPI198VC
d8ac97d2e41651052685c0b139d869cb242cb0a6.png,KGUUAWZZ
d93c14b98bbb2799336310c8dc94f5cb81a88de0.png,F05IOSI9
d93d3079cc0ee8c4148487d6edaa1e865e3b81ff.png,T917V67J
d95e6b0339de77d65a5de5103cfd31884241ff72.png,51TQGZ0U
d97596745ff42f6c3d5597f0ccf6549004f9c8b4.png,92IG3M0M
d9d32c757435935c547bfe3777d928c004613f50.png,4UA224M3
d9f1e14b924d4b229e5de386681c0eed0be26b0a.png,4VDNVYV8
da01a9aa94bb89ff6f09843165db52ef300f079d.png,BJ4TJP2A
da8cd03d3dc3e637ce55ea954d1f241f7d2470eb.png,JG80ZW8J
da932b04c6ba3f862c65f0f73423a13ed95f2aec.png,OHACC5TN
daace904ea6033f99b907fd660d7ecc938774f6f.png,IOH187GY
db1578001634767a0e32926bfeef837879f1d44d.png,ZCR0ZW02
db379f91a28461db98a4458d47767a6a6d1a671d.png,NC5I2U4Y
dc8e09e3d737778d0fb17ddaabbd0053ad693133.png,CEW34BYA
dc98883e60f6f0536428500564973d2559ce7941.png,BS2V0S46
dce1f8231f5f1a6124c89c4af6e25dc401c99598.png,G5IC9AW2
dd16f0ac3af753bdae090414ef66a23930581048.png,IXF0IWH0
dd2a4e94582f4ae343cb47c6bbda595afd8f7426.png,KIVVOI1N
dd7f45a6e97eb723e5d5f24f96234069f4f6db8f.png,YUVP1N0Q
dda574dfa89e4708ff4533110af70dad0dbb95bb.png,A35KWX2Y
de52028b35bb467d39187809176de2899c4dbbe1.png,DWWRXX89
ded7c89dfde436cdfef2a209505c2a11579b2451.png,07CV1GYU
df0fdc60c334891adb4fd07f889feff6652ef462.png,K6RFMVXS
df1eeec618785bce3b71afba9c60eed7875aef85.png,EXWCSDSA
dfa34c9293f5d255cc4a3abe7951dce4d294f977.png,NZZBYCZM
dfcdd02b90585ad8273fb905bc0275e29d7879e1.png,LYP91WLB
e050210ed618fc6f151423e0f9522afd110b4790.png,X5VV7RDI
e07818c0d41fd23f5466a626c2524cea0099eb52.png,E3191VRC
e0c3a8d76c157e996b6dad5965f7a36c0bfb29b8.png,2UDBD0WW
e16b4b04ca505e624a7fe2c1568c796269e1225d.png,TWLTSY6M
e1ae3289eb0777e78dd88b35e4c6b0d3468d2b75.png,UDIE85V9
e1f8981635cd9106816f6b4d20333d8b9617019c.png,UQ7CL3FN
e21ef031c2f345e9887fe7659da35b0923fc1f3b.png,UYVQYBU8
e221bbfeced73e43627a8097d4b8da459e77b51b.png,7JOL2MVC
e2764b5756a904f77f50f8a3ec03571d4ab13ff3.png,PGP11KKO
e2bc62016a1a1bbad28ce2a9e1e8976eaa875efe.png,XF3MOGRM
e3783243bfc46ad937a36486398c03da0251c70c.png,TJ77TJ9O
e3f6d1ec60c4a29c79b26cec2fb820adb736b06e.png,G3KT5J0G
e4c5ce4f3da2db1e57b2792cbb75d7e28809c1a7.png,Z5G4KO7K
e5f3d7a5ccaf6cc517f0628c238179dc4b8dc039.png,V4KE0UTD
e60fde4548dca15fdd7f4db0af912dbcaa07ee7b.png,QOSDDHWC
e7175e85f1e5962e1767b1c1d3941ebb2ba62e8c.png,5TT6EE8V
e72f53d86c027f92812aeda4b1888c91938f0a39.png,IVFLLXR0
e747203143b9193693b2fbc3a0c59b18ee14a39c.png,SMX018MD
e803e7da82a6a8411275d352d4a2ec16cc95ff1b.png,P9UZMRUI
e91831df988be98ac11fbcaef2f7a9570604abc1.png,RRFN76WG
e977b1a6f2c5862b8540b91772d703ee9ed2c93e.png,41D0FD3T
e9db175d0909b5775d83f84ec3eff89ac744c88a.png,X6M2C903
e9e602af1318769207e086872fd5cbe63f5451f1.png,SNYFSGI6
ea2c9b056ec8ac4e33e9d55e0035589db34f1cba.png,RCSL85VI
ead3cfdba90b76d615febc6490af2cf6122675ce.png,J84QY54A
eb5588f7dfd8db89e572433cea6d06d68d1e0d2d.png,LCWF30LP
eb63bff8d21c34175a4bebf0aafeea9c2f3acae5.png,P10D9WQF
ec955f2b99edf4462c43c3efc27d1b0db4723a1d.png,21UAPBF6
ecca07eaac20729c26ab8fd0bbc623119963439c.png,PFVRF80Y
ed44f7f9cf50ded699176ccbf5fe5cf36fae9c5e.png,YBHFD2F5
ee7e374228bf35d256905233404c1812f530e63b.png,QG1HBAHD
ee80de1e64c32c334c60584bd7bf070bf7947004.png,HQ9VGG37
ef49decf4486598b37b1cd40d0a0dc436ed7f8e9.png,XYKU617F
f0bae825b0afb2b1ee181b9a4a8c359a01cbae05.png,ESAPTJL2
f0e8c5665175dcbe836a3a924162c7771dfe64e4.png,OZXIAQK1
f1b3f1bc74c1e6eb94cba50fc933c19139a34f71.png,3G8LP9FR
f221f9aff0042c0ff504cd2b46625ed524eec224.png,T94S1A7W
f29796a8ad4669c75f06eae4cd0c13a395ead5a3.png,3H6VO5JY
f2d7b451dbbc48f7b0fc28eaacf9db5bbbc5315a.png,9V1DQEUD
f38c1121e33215533be8da1e9f183b65f8353930.png,MNA3L6ON
f40c4b84b88f686d64b506a21ae947509b901d43.png,T6VQ7AEF
f4af15055ed3f6be8fb18ffb94f18483697d720c.png,ARUY97SC
f57c9d4576a4a930e91ee4970ac947e7ad2ad7b8.png,7JPXKGC4
f58130db0eb88d2b0c8ea53561840f354c4ce123.png,A7CCN1ES
f59961d11562d67f63e231b3518c89da16649ce8.png,B3UD91DB
f68744d6997ea83a6727ef48d81e6a2f15ddec2e.png,6F55TUE5
f6b0d00ea21854c47c88c1faafd2e8ae33df0e23.png,1JS50QFN
f777a0d63f96a5b6305c0f2f2af7e171e939d8d7.png,F0SLU2A5
f7800be3f439a6c9bb03604c652779ab3c4f99b3.png,9WN0EWGC
f7a8ea114bf71f60d2e9bb2eae8a6d0d6fa1b052.png,I6H2ZIF2
f7c74837b744494bf6e90f63843c45b05d258538.png,9JN7K132
f80b30de4fe59ab41f348ac7c3c3a349861b5759.png,ZKJ00E0T
f812f1ef540a4627ab5a01d47dfa83e01a59f570.png,OITUZWGC
f834a8458840ecb7a79b36bd76dc6fcfb4242109.png,IUO2YWVG
f83a5c69fea066c63a1f7f6f1629daa587d49ee1.png,8L96DDYQ
f8e130bf34638a28ea34de4160bfbb369d9310c7.png,HWJZSK5G
f91082590e31d5e922b94ee0aa55a8576be9ef7e.png,4UYDBQNC
f9888659580baca7b3ce6a04cf98d6256674e60d.png,XE9VJK3R
f9bb4b33dd3e65ff39deaed9482c9b05054c16f1.png,KDJI7T41
f9bc2505feaa5a3c16733e786476c28e929fc624.png,7S212WNO
f9db443d4dbae39b18ac7cfb2611bf48c0e40447.png,B6XGIAIY
fa7e1758b5808defcea297d40072feb191013c39.png,A2AT0F9W
fa8d6c56ef8f3f074a8c334253bcc87108ad8d03.png,DH8BCL6O
fa8d91224c431e1fc2d6dc20efdd307214734369.png,D9YIMK1Z
faa65d0acca2527f80738ebab2deea376b430806.png,XJXSXI00
fadaa561b043b85b407e9811402696edcd701f18.png,0CFIXJX8
fbdbfe48974eecbe190b74cf208121e9ca1743e4.png,2WXCVCCK
fc42f05b52773549b6a725d922a8786b25686f82.png,TZ0760QG
fca4724cc6f303cd2f5a0236e878dda0e8ca6683.png,O5K3256X
fcc011b86e809faa69e776dc15319f2c312194e2.png,DV630F54
fdaa2475c2671a83a385ccdeb5cb5b5ff6e684c5.png,ZR62AT74
fe024c3f803c1ba1599dc214aaa3761f201fda4f.png,DDIVDLX4
fe1ac4d3183cba5f14da652d23625173f1d824aa.png,ASTRHGQ9
fe24aef373017ccb791d16844c4b69bb1263b710.png,Y4PGHO4C
fe3f8b2a39e71121601ee023518e03d09f46afc3.png,XDE27UYW
fe4e87a31c3f8e0ae693362ad09062ee7f000693.png,AXC666YC
fea611c5b38d4bb1c0dd3346294f7fc884f7cc7a.png,0CV7ZKKS
fea7cdd56180fdcb7374feb0e50cf2d8cabcbdcf.png,D7UVI9G3
ff45a0c0d4fc047d0fb726a0613d7d418c1471d2.png,ZPY0WRU9
ff4c96f3abb0bf7c9f2f96642820b3faaddfdc25.png,JVLWG8GT
ff96cc95e3364dfa7c129ebf094474344a23d290.png,XM7CYQOC
ff9d69b28149c9aba23362446d77ec60ec5c2b97.png,5ZFXZRLK
ffe749e29d8fce97aa65175d5361e0eb0b770c01.png,ABVZJDV6
005782a9941171dfdd97840f608209a313290ddf.mp3,QL4C4GNQ
00660813a2fefd20d80e490ab48a900c6dd3889f.mp3,3Z6KSS4I
0072519fd576b71ca41849b12710d82762181561.mp3,CJGX994H
013a8a279f0041ad7237715499e6fb1e4b7dc0d0.mp3,JMITC2KF
014561293ff5eb5abf611dcd3d781b52369dd9d6.mp3,4055UYJL
01ca4ab2be6d7d9a24816b36856cff67782c4039.mp3,Y21K1SCJ
023297d246a9249d02fd060796ac13772633ae89.mp3,80QXP06E
029317f1a6513effa4fc59be0471bfaac45052ef.mp3,62HVD9I8
02c64fbdd0cec0e421a96f5689b898e285e425fa.mp3,A3FIW3BY
034708da2bd4bccaa34a327f7556a352f62ebb32.mp3,QMRLWPLE
036ed6e212644c8097645a765b864a1470279c31.mp3,372IKBIX
03c199957fc551d9de777be26d679c1b8275c630.mp3,AYN85UTZ
03e03976923b9f720afc954c0f7743860cddc2af.mp3,QNJGHO7P
0428960414c98c54719ba87c0277e702a046a8a3.mp3,XN8SH4TY
04367ef5f0505ed7fa68b384194b1940c4ff7844.mp3,PWR18XTD
044a9c483aa9db82cb959f5571f160f0cf31d60d.mp3,TLIMM5NR
046ec9bf5e3c2dc5f830a56675775d3f0a6a4389.mp3,J3HBDV2U
04c15e4fc8441d733527209a5ebc676e78a196de.mp3,AVRCLUGH
052999dafaf6d83d163161e3cd27b9dc243192ff.mp3,1S8K5P68
05610b932be7ab39cf1e0d635fda8b39bee465d4.mp3,EZBC90QV
064864a24c30446c1525ca89d00e5e6f0e99fccd.mp3,S9525LLB
066d9751a3a8ecce7eafa6ed1c3d3f62fac870ef.mp3,E7P6E17G
0694c3d042b83177ffa12687f8c2d10860e595d5.mp3,2IUAHVQ1
06abbde911cb6f7300651e74b893a3a7eb1e8428.mp3,2KCUSXTY
06d1aede7d5e832007395c2e9fb08b65d71c171f.mp3,GEXWANR2
0740ff0c1ff167c1c6af00e0f0a33498158e35aa.mp3,1VQZ9A5E
0803b35e936f83ef43b6524d9275813d602e2132.mp3,95G4AS0L
0824339958c8ea45ab78d757c01686326b3448fb.mp3,GD1UX9O3
0964da240c98581f57470a7b71986c8a5e3a2d0a.mp3,2QKXC16G
0a17482597e11e4641c120da1f8300f575956fdc.mp3,WONCY5U8
0a2851aa44b44af9af0571674f238600bed67c83.mp3,I8I4WUUA
0aad84ba285ee64e38b38da1dcb190895eca2f79.mp3,J56DQMR9
0ab6151370b310f33d11a9e5f9c20231b1c7ac85.mp3,U54NWCSB
0ae26bfcbe6b97f37e227aa153ef91fbe1278068.mp3,TJBL8X1Y
0b4107a1cc028164693adbfe441a918bdf0b48d4.mp3,OFWYP7OW
0b4b565d8361f59177e4d718207cde16d40dd82e.mp3,S014P5FC
0b59c4160ff131745dcce846a939e1383cf20809.mp3,O7EB4EH1
0ba3608a1277f6d78cf92f6cfeb5dde519a46903.mp3,FWC7FZDD
0c216df8f0df2d699183ca34de78328afd96d36c.mp3,QK5V73DT
0c24e62402e14da17e7f50f889b3fb7e96a1a988.mp3,FS3I2QYJ
0cb8c333e98d868c95b732b768df1fffc5428843.mp3,R7994N2B
0d02e3c12329736bc50db4241270c00407b2f9b0.mp3,8EKQ711C
0d27159d3c8945e14ac91c4854b4737d9a6089ee.mp3,3R92JEMJ
0dad4a169121578d39c5b752e53adf8544ce0870.mp3,FC5FR19P
0db6a1ec9009aefce73bd3c4dd05655b6225e156.mp3,J8VZC8FI
0dbd76052a79d0ebd011b4407d66c046a3926125.mp3,KI4NR5JE
0dc1211b78d0b59f048344ca56a649730dc6591b.mp3,IY21YDCB
0edccf5b6ca2258519602f72dfee4cfb40034a38.mp3,5WGN499I
0f02af29829abb3f6fb502623a6ef97e74a255ad.mp3,8QVP0SX1
0f15f5a0d11fe360a4b6c8bac234bc26c06edb1b.mp3,P1ETX1G0
0f91da0fcb85822ac761b311e76560258c9ef59f.mp3,M4G2Z9MW
0fa58e2dd2672f352d4b666f14ca9ca674c68441.mp3,O2L1BYJD
100d89465b698e85feca05ee48c978c0c14fdf00.mp3,TZPXUUTI
103b6ab645990723562a033f21abe02b4886070c.mp3,BFNJYK5K
10475297f80ef5c705c6cf059159f7c8c1bb3c14.mp3,OM6S20JF
12900c5df542cb731acaa7816e00ae04f6ffe275.mp3,5WFIGAO6
12bc22ab3b8fa4e5259ef3ae1f159873d7ffa472.mp3,JJA0ISMN
12e2860459912a21bebf00bf3bf207157218b8d2.mp3,F03HZLIH
1346db9213b1e006ccd704378f82ee8b82115704.mp3,C3A5JYUJ
141de6e3ccc88795c65b6f1f9342d421a3a283ed.mp3,QH28WKVC
1435abcca2fe3f7c6dab0291956bcba3db7807ea.mp3,8HD5SU0Z
143a27a1e719444c4c7bd0f40ff733535438a6f5.mp3,NXPSOGSM
147b43ab525c6c6e6689380510c10cabf5610a3e.mp3,N7WATQWB
14b411dcc92746dda7add11a99921a2208ed9c4e.mp3,VPKTO90F
14bf0270b4b80a54877e5d05d1a70d3e7b97ffd8.mp3,Z32J3GD1
15b1d39250dec23f38d43d0bab08fc3815e344ff.mp3,3P0LLB3O
15d4d3bc07cb3b743ccddc47d8ce1b73989549d3.mp3,6ZK66Z4U
15e1bbb8d4dbdd8258bb659b3ce39feb3dcccf2c.mp3,CFN3JFYX
1613cd025554656dc4a47876d52cdae2f14d7936.mp3,SUDUF7IM
166a5d17d9df937c34da93bdab10d8aa555ec2e4.mp3,12SZUT53
16e3c6fefacd511bf66805fabeccf5f9d9b6ba72.mp3,V24AUWYQ
1762860f30d56f944d051ef54f014a92435eb034.mp3,6WRWZT3C
17dc93e16198a45f0de2f87f4dec7cf5bfa38b49.mp3,PULKO4XC
17f3c57a9f88b3f526aa2a855e4df2cca4708976.mp3,BO3XMGGZ
18d421d683d057dcd4322b7c71e8f34adb41d07c.mp3,L53A4UZN
192775f395fcf61732db73d5caeabb52b3f2f362.mp3,IM03PEU1
197e5d7bfccada3deb603ee98e8118ff2cbd41b4.mp3,VXL94688
19ec1d4a130559a9bcfa851ddf5f529eb7e20b56.mp3,5MF9B3BE
1a039f6cfcc410317fcbacfd6f2a46d41c7bf803.mp3,E7KMXWR0
1a1c76b49ea572fc53dfb65e214d4becdcc85738.mp3,VFV9LSDO
1a2810ce4f294f5d9e9d9440afc425edf6941c8b.mp3,8TKP26UI
1adeb61e83d61228944392f554ee92fd4173e3ce.mp3,5NIH6TWG
1b4b647dac63881822678c7a78aaa5b75fe0da68.mp3,Y4BUBPS8
1b5cc8e660b47c0d2c8462a6d4b68bd007310dd1.mp3,CSWGJJJ1
1b75bd89765f091b69d374bc175c6634d0e6ebc3.mp3,CTZDCJFK
1b84218d0dc83aef93483b75b48b801125ba84c3.mp3,UQAHK8FL
1c36bd5a50b4c3adc96d0b77f65be0425440d19e.mp3,PJN860G1
1c58c34a85bc419fe5bdbd03a428d64d96cd760b.mp3,BGXFJL8J
1c9d99ef8b30145673f57e3e9a7767ec746d0799.mp3,BUUCZLRI
1cc2c14ca1ef28098b4658b1964276f7caddd0b2.mp3,ESNBRFXO
1d2b51b306c99f13ac947f1bda9ce235574daa5c.mp3,40EBG1ED
1d42c0bccca25444c735ab3cae626b4a6fcb4808.mp3,V34ABGRU
1da0babce9cf2a04e1cb52b831cce5660eee8a33.mp3,JTZF6Q94
1dd00e109fdfa1ae4d7834e3a5b3ac8624721129.mp3,HLA90JYE
1e2c9946dcce05053d2e37603d3bfbebaa9298cc.mp3,Y5CRRCFM
1eb4126a5382e267417732a80ce7f762b1c6d2eb.mp3,03UZ965O
1efe3e18699c623bf1b9103b74a133a1bdbac415.mp3,M6ANO9NF
1f38edd707bc95af062ec80769aa4062e4e6d7ed.mp3,JZUF49L5
1f559d74783f52f8bfc10ac94d57f200f03248c9.mp3,W4LF6NPP
1f6c788eddb19d8868a1b81e3086094ca8b5c343.mp3,ZF5TXW2P
1f9f26429d5b6394a563b0748ca7948505d816e5.mp3,BY5MSLJ3
1fafb1c5ac9796b7476e25e9c3377f3115ca0f10.mp3,1XNJ57DG
1fd84ca70f0bc53dc770606ebdd87c9059a04c35.mp3,ZEEHJISK
1fe137cbe0326ab91a46cd935032c8c912ea9a97.mp3,6GA305W3
200a27a47022d01c2e5fe3576f7234bc51560302.mp3,LAUZZU70
205aefca397408ec8eeb7b3fae2830c97294f681.mp3,ZZDF1XCI
2061f4a1806996d9440bffafa0c6911f22fb25de.mp3,CLOMCCE8
2083ba4e111e65c963fe08185038cafd28b15a5a.mp3,EWC32O0H
20bdb0b9105396239874e59f8a95b658308465b7.mp3,QUGJEBX5
21f326eb059a994aa32f2b7dd7f5e5425c25c87d.mp3,ZZISS1YJ
22dbfb1812096787ce2c55952a0a6ddafa27d22c.mp3,W6CX4NYG
258154f504bcb38733abf87d481d4434eadfb858.mp3,RKRUOFD6
25ca98c309dd0264821e8634681b94efa5dd4bce.mp3,5CJAMKLJ
25d4f2ab29615e0415bbe8b51e091e4d443053ca.mp3,3FWESA52
25fcb93bef40fa52f75523409627c5dd7834cf28.mp3,XV8JWEHC
263a1311d42f27eb64f54419099286709fd2ae30.mp3,VMXZ6OV2
26618ed9be9df4d3806c2c34a40e1d48d35a614a.mp3,WSM3488T
26b7c1c59b15b383f6d68d217a31bf92603ec09d.mp3,ARN6PO92
275c356b0bbc8ac15b0fd4ec21ac52afc9c09ff2.mp3,DAI27862
27821b8a963ec63ba6d745aaf35c0e5f40c6ef37.mp3,D14V4Y66
27ce37386a41234237e405e6387f7699ce571f84.mp3,Q7273JS2
286677ba9e01646015ece08211b9ad62a86c6e91.mp3,LM7PG4UE
2878841585c64c3c7030bafd115736d1b7978599.mp3,ZQZNRQ1U
28a7c40ff9d3a390c4bd8e34da7b9d7e873c8f58.mp3,MWYSQQN4
28cd8a40c3224ec5e4e662153893886a1154f781.mp3,W6HTOG5O
28ec10548f8edeed2645803049ab5c336a17331a.mp3,YTJWJHY9
2909329f2e50454ab20efa37fda87ef0e5715a82.mp3,5GSQ7SS1
29323041e646e1bba903a59d883e40bf2c61451e.mp3,7UEYED4X
2962783b6b384c2343c2cd02313b96ee591451a3.mp3,JG223YDD
29b77284db0129131d16605692d46a694012b421.mp3,DM1YDCKW
29c41f15b728d2522fdec2a8648ff7e5960fa0ee.mp3,67Q0V2W4
2a3211521d1bd3ea6b452866ba2015459b873ae7.mp3,ZPXWIYS3
2a8abc1ae2e0e399cfebc6e30e281a7c535a981b.mp3,IV31DFKA
2ab63d7f614d40c6db7d5552dddcf38ffad7f1ce.mp3,SSLDGE65
2af1b7fe2f047765f505a059c17ffab00a4ec163.mp3,8X2DM6MC
2bbebf0da1a6fb89bdf8b5c9b7491d4f7bc89f43.mp3,KBW8BF4W
2bcdd02d71b65c26fe59e92dbcd1972c2db5d44f.mp3,FNSBOGG6
2bf87a187b1c5a72878272644f0c25b7d8d1267d.mp3,KSCA9LZ4
2c0aa1ca37745c31354c8cc5c9a3d346361b3bf4.mp3,Y5YZAYYB
2c439fbd47d24b602ea458e0da33b08d79edcba7.mp3,CYKN42HO
2c98904d71fd8f6982770f1d434ea04a46d459da.mp3,0ODSHUDN
2ccfe9f258de0699c4ebd8c7a50f0d9d956fd5c4.mp3,DHQHINJ1
2d0194edc584ef6558ec8c73503eea4329b179aa.mp3,LQPRNJQW
2d042ef269d3819ad58b91960e8dbe14dd052e42.mp3,ENZW7RF8
2d1260fb377c2e642841e9f1ee6a5fe5f92b06b5.mp3,T510B8TH
2ddb632d9d6f22fbdb2ff4ed541f3cbe9317684c.mp3,Q31P7PZM
2df2e7fb004a11c9d4b300aa480d4b8eb4b74fdd.mp3,0FE2QG9T
2e1a45cf144c9e24e1b0a9d33cd948a60aee66a9.mp3,YKXU8Z6C
2e8043aaee266a037ef4b5dfe2f0f90cfdfacc1b.mp3,KXA4G3YL
2eccdfa0d15d1f0f62b9f3291cf4960e96e5f316.mp3,92F312IR
2eedec4e4f558ddb873cb58384211590e7bf8f83.mp3,LQ47HQOK
2ef94ecd512bd136ff218879828bc97a8d0ac9e1.mp3,PV5H1UPP
2f71afc277d6af688e1e1ceadc33a2f220c1abae.mp3,IU2JM3LM
2fcaeb2fd3d2e4e67385c9187ee56228d18d4a83.mp3,01ZAUK3S
2fe784481d82364c0ef82b84056ffab0cf7e14e0.mp3,6E952WGQ
30379e0eb90d1aab8886caafb77f4be23e91f917.mp3,7ZN4LN20
30e06474dad60e3b5f0fe4ca8c79ab5185010258.mp3,0JU2M2T7
3117fcd06b8d137a9cf824f49b15ccb85ed02026.mp3,Z3CXXF9L
3131813fad61e8c7f985614d6c1a420ba7ffe85a.mp3,NFMG8D0Z
31f9826652d9588fe381ba4d4fc16156d82e9806.mp3,JS90UWRE
3223ec98cbcce7d156bd9c6521f07d17b8769454.mp3,70RWWZ8X
32406f7c64b05d24aba611ade525400753a31f77.mp3,AITZN31C
3290843c8aa0665721f224ecae8b91d5b3782a09.mp3,ESYI4AVA
331e6cd91f7bc6dad3082f54b84122c20f0d57f4.mp3,3D4UHMHS
332127d93fa7be59891e726a4041f42d60734e94.mp3,OIHJBHRH
332e205c7d07b44f1825230ddb9044128980ee4e.mp3,4YYEDAAU
3349ff3800af8e1c2cd40972006eeeb36a12327f.mp3,ZP52ITMP
335dde2d3afaa62c8f9cbb937c0bbf72506848fe.mp3,XLECOVRY
33b7f9e8504303761378a6cfc051e466c52d80f0.mp3,HKVRU7V2
34102cb7ef44d729f49c1c2165f64b86da020ba8.mp3,DMBJ63PE
350ce6667b5ecc572ef66b54d80e0772ae6a41f2.mp3,32K3WYC7
35205b02372ebc7e3e55a013f352bc2dfb4020c9.mp3,BGAXUY8S
352e291b36b343208b1d48d7b26ae544a9743bda.mp3,955FG17G
3598a2af1e8469b230e294cd0e1ba6029dcac42d.mp3,ZW1TTSFO
35d29fdbefb78a15a30620c609d3193a9aadeb2c.mp3,8ZE87NQV
36b786b62cefeca8a548ccac2973336128184f3d.mp3,1F75ELIL
36d00d4236967232e71555a5bd77c771a7479b59.mp3,44BA08WQ
36d9d0ae14fc7eccefa58a472fe270a9e90b0427.mp3,TSLZA9MK
36e1b96fdf37f454845c49576bfc374b8257f3be.mp3,E4BQI565
36f0b40a1b325b4a7c53544e0659d2b0cb608260.mp3,0IS7QU4H
3736c343883e15f45036261562ccd2b0e9c3ca69.mp3,YZUS4VKX
3755c1b05526a4b2659ec3e8b5054cf9966b7ec8.mp3,I4DKIHGE
37786ee93e9aae2eefe4324fb0a4507796f43488.mp3,2WUT1UOL
37a12e6470f58ea9c8b92ebad3b8b2f88cf2cf19.mp3,F0S3HFSB
37a695811122e25fd907e7d054e7bd82def967a9.mp3,MTNMJA1A
37bfc568fa83c024347cbcf9beb47b1cda3a752f.mp3,ZCLFCZN8
37c6de46db5ab969c29c858f39fb32e19533fb29.mp3,LBCQONN7
3860a467261523e43638a7eb2f42a3a95cd6b4fa.mp3,XUA32ZB9
38a591dc703f353a5cdee5ec7ed4ddeed6f4dd3f.mp3,6Y72KPPN
38b74e99fcca1760abbd1e884db114e887d126d6.mp3,KEC51OYY
38b97faac1b46b60ebc0b4cd1f2b2b59d8602085.mp3,I2F314F6
395c8cadc09cbcce5c99c9d58c27ee6317643cbd.mp3,SKHCQ1Z6
3a2c0740afe700c52b615a196bcebd81b0029c6d.mp3,GAU5MKYT
3ac2a14958b4aa65c8262b8c8f8861c5970fbad9.mp3,2TK9RH3N
3adadfe8ad24521493bb149de4356f19e4d991fb.mp3,5IRXZ0TA
3b193c77221cc6fbd6b9657fb001a269ba62d852.mp3,V10P78ZM
3b2d1b27d44eb01d7be38160d0bb4caecb53ca7b.mp3,KDYVQQM3
3bf6a52c1d384aa219718a847fa60a88739eb7ab.mp3,IVSTC3DI
3c98d7f380056874b8703d3e0735da891070234f.mp3,RWW2SE1G
3ca47079dff0983b5c6b3f24edcd260871a70506.mp3,WNJJJF27
3ceff52bcf0e06e7e3306bfb55300338fac01f9c.mp3,YVHNLJI6
3d0de87db2b981bf657bf0dfac4831d1d3bc4127.mp3,3LSJU0XJ
3d72cf3897fd53e1e12e455bdca528c6a2de212f.mp3,CL01QMRF
3d79e1a086fc173249983bd5353632dafcdad0ba.mp3,Y8QX3Y14
3db8420ec6ec7e854604e626522d073f19409530.mp3,SB27119I
3e08643dcd51c2ba4adcc5c8c089e8c93c5ec539.mp3,L36GCXP0
3e142f6c938bc48a932ea53f172c52900a9c8ac7.mp3,4YC8UN4S
3ed8bbb6baf9fcb79fae2cc8767678846f7b6cc5.mp3,33TORBUD
3f462b70f9731a84c6e444e1baf99c3f98f5c8a1.mp3,1B71YO4E
402654f13fc36ccb6af10bf7c082b1663eea7c03.mp3,CBO08ZDC
403a983c106bc1cbea772c491389bdd288ffca70.mp3,PI503FSR
409fd39a1d27152400842ed189044feb99e2a7ae.mp3,OVF5VIRU
40d9597a4ac40f159d45e4b3cdbebc165b59fccc.mp3,JGI4I8RF
40ee7da40b5795e0dcc2ff0222a16d672c971afe.mp3,ZTMNNIU1
41d41193677fa1177d69161cda2a35349a33fced.mp3,R5UAAOM1
42be869ba8040189aa6d0979936c53b8d1d0bda1.mp3,6RJ9EF34
435e5c58d4cd7d23ca537365369b69b86fa93306.mp3,Z6PKECLI
43d12f4122a103e7f31d56ffa57f6e07cfe1c669.mp3,HRQVZ62G
440f41cec52aff8627684ba60b04965ccc7caceb.mp3,7DTO2UP5
4488e97e7a4eb30a5c78f6dba797b4ee4be197c3.mp3,KF9L4KUY
44a945d026117d6be1cff847b114348861228bcb.mp3,Q0MUWSDH
44c71c5a822e8bb4b49361e11703e13e239938a5.mp3,DXYVZ98Z
454891163bc0db53a7357bd63acb5a961e333212.mp3,84WZ9SKJ
46120507c6336fcff9d18cf80ff949c5992754e3.mp3,IHB0UW40
461481109b0730ac17a174349d70c0f827c47529.mp3,DEPOQ35M
46b3cb8faa25d1ac9ea4bb468f654e5e0f5ff7d5.mp3,K0UKVKIF
46bf1f1adf8859cb18a60f9057ba622d78e44797.mp3,L6E1UQGM
46f9dee03a2abcf8e6106cba619a5bcffb6fccf6.mp3,1QREDVGT
473ddec3a2ebfe0bdbd4e60ff9096abe7d1284d3.mp3,A6OATD7T
47c0bad4073ae2f678dc2a4787540e2adbfb30e8.mp3,91A3W4PS
47cbfdb1f1f1e44d71ec1b4956c780746d5cd762.mp3,SJMYLQ17
48187f8c2ddbe62f2052dc60831e9a901bdc2007.mp3,KWHRQDCW
4926155d78a7f48f8df3484a336645ce60a88472.mp3,FB0M4J0F
49ce66162456719d9ad4f0461f8e34cdb9054fa9.mp3,IB7S917U
49e06d68784542406f3d65c09c7fe2ba82a86d41.mp3,8HKLMYGE
49e0f1fbe8aa318600d45eeb718b57fb34690281.mp3,ACN2494Q
4a40b956805e2e1cf7bd5e81905fd04add9e0924.mp3,D652FW24
4abfb22bc31ac04b8a52ac702acd834c6128450e.mp3,X6930SLV
4b02451e91ccc2898bbcdc73930dfc6129a1a06e.mp3,IE5WZI3B
4b055209539e811c5352571c747bcf69f2e25de5.mp3,YSY6LC4P
4b280f29c816cf4b4af3edf6b7ce08d17a8852c7.mp3,JHN7JT4Y
4b4a636ac0ff6efc5f2daa9d85ebdf0d9506aa34.mp3,M17T7QC4
4d69bf4cd347567b39a6c5a21e843a1bddba7e91.mp3,NU9FMRSG
4e21ebe627f24cdb13cb38a0b9d7556330acb997.mp3,HDAX611L
4e8ea12c4c6c89957f8ef10960c168dfa9da0be9.mp3,8Y9IMUOV
4e9281f9631598825fe9a2b501d043b3dee9d4f2.mp3,U642T06F
4f19d608a7a5e63642cae1e892117033cbf20d86.mp3,3F7TH7TK
5060e484e3399b71924217c5b63816c1111d8258.mp3,YG1QIPAC
511c1120989427004bf1333e07412466bfd81774.mp3,LEL97OZM
51ac2d5bae256f9c771129f19499697f46db0112.mp3,RKXQU4GE
522ebd8b96310eeeabd9906386856117e208af2d.mp3,97PDPXZ7
52ccfc7faef85d33f99400ef692bbc8fe11e9bb2.mp3,37ESUHBT
52ebd45da640a498c2352fa308a2955aeaa5d4f7.mp3,KYJI79TM
53ed5b09737ae8abe587240197e7a2a33a64f052.mp3,DY9KU5U7
542f72c52ad39477e9aa236fe93970e85cfa410b.mp3,2SRLVNRV
546cd2eb49bca0698eba49f62e8e0926289df205.mp3,QBIAPTKD
54a0ad801aacc956ec74475d41290f7467b13e70.mp3,XF9UCBI9
54e3de159a2fd249a860c2bbbb7f74b30a71ca63.mp3,VLAXIF7M
554358e1e332661f900868d99cfaee2355546807.mp3,JL774WFF
55c4240834cc2401c934ad78677fc2426a30d8be.mp3,PS33DNM3
55e7dfc7415a1389b88a4473e6321d1cefb0271f.mp3,EPH7D5TF
55eaf073b244c29cb22741abf153e11bab6aa006.mp3,MSTGFZIF
561d44be13c109545921e57b3b75fb19ef7978f3.mp3,PZCQU0PR
5690bf6206246c574797f332dcf242c0d8711ce0.mp3,H8D5KF8L
5699acf08fdbdd2274a0a00fa4190ddb2ae06856.mp3,799ZY6BM
56a8f4fb90b4869b57811844c1c8021cc27c2e95.mp3,1ZJ2Y4Z2
56c6e3b2dc770a8b775b993cd848d9e258cdd2e3.mp3,W02OX8M8
56d138dac83d8b0327c769094e2a36f77fb1eb40.mp3,0PY8NNNX
57142db41784170d7997982515f22501e9aa96ae.mp3,QTFCX7SL
57f0ec139997fc5a6d16667df21dcad58fa83c9e.mp3,32Q82CON
580d85d505cd4f5456162b06a2a9ca49b9488365.mp3,0LT00VL0
5861e9324b06cce1ffaa62f487b4dbc719169a5e.mp3,8V9V2FIM
58e96aa168a067357a06924cb69d2451f96eda6d.mp3,YS0HZ0MF
5913c634bb2a88edd53ec4c1427f34782c92f0d8.mp3,KQY2AKPF
5937540de36bd18a86d2c9710208773edb2b1ac2.mp3,FMRO9AAO
59650ad2b93ae8e58e988bbfb1975bce0961d1d0.mp3,Z54E6QRF
59f178ef1160cf2df2dc26dfc5db4e56ee19ed53.mp3,I1LI21MP
59f565d252d9cd4dbcabda0294c7cd11b97727d9.mp3,URKESZ37
5a548b6c45dcc52db82948d37546fe6b7dc8242f.mp3,CW7EWSDA
5b711c90fd6212d56fdf9f7ef39ab67f9e145e94.mp3,965DS4Q9
5b81df751de24023595ef0e9a768c23def006d56.mp3,6B5C7COA
5bcd03f69fa609ffb6600697c85afe62f5091c50.mp3,H20SQR71
5c1a7bd20d08443ae3aa9c416c3dc19244ea8309.mp3,1ML24B2H
5c2faeff156c83be54aebe4c0ab9ffd7559c3bc2.mp3,05CUR82N
5c71aa61141c12ab5463fb7505dbfccfec0abdb7.mp3,WY27XWHF
5cb0d2646db479f57e65420bfffb1e41d3749114.mp3,E2MZTUWI
5e27aff855c22a3d784b0d3125f2bd2f284c32fe.mp3,M0TRTBCK
5efc462caaf10528ae8f96146549075141a165f7.mp3,JL50KF2K
5f2952020a6502977bef2b8da15793e3f594ef80.mp3,ZS230XA2
5fca65d845df2f6152314dffbfc1f5d50edac543.mp3,QL47V1ZB
6018551403a740d1a5ed272619a660fe8c70a580.mp3,XW5EMIY8
6046e144e3e1874ea7add24d86ea803c9abd85f9.mp3,EVZHMT2T
60bcca83bedd3673f6097ef33c9ad83cede8e2f4.mp3,GINESKUA
60eb65ac2e44253d62dbff20c8b281c091b70876.mp3,Y0VDBCCN
60f1376fe62c5720f3f6e91509d9324bca3999dd.mp3,SZKDX0OF
6117e437f2f899cbbb79eb27ce3d9f360713a697.mp3,GR4Y2YFO
618f8d0efcab31bdb461ed6c6504d5e6189d9bbc.mp3,ITXCVYZJ
61b113c7e9ec6ab9573e550e29cfe3c9ffd8a5ee.mp3,RZT6JECV
61d43f49a14650169b6309ee3b9ef4cafb8e49ee.mp3,2KTDKOGU
62a4e87e0f368ddf685ed9ab759c499ce9b9e946.mp3,EB5LLOB2
62c28bcceba54f2a842d06854fe496e810468053.mp3,4PYMQVGK
631a9735569490ae207c0c9fe2cd28e0068fe1bd.mp3,XEA6ZXKQ
6327bd03d411dd370eef65bc24bf35a35a1cc873.mp3,CWE9W1RT
6333728bba80ce320bcfb91df501532dde59b4f5.mp3,W5UM8HJ9
634720e4422c7b545627a3431e62192e5a8ac2a1.mp3,PA9R0YMP
637e2fb0333f90ff663517a66ab2621536e4e90a.mp3,IKOE1D3Z
6401fb38931aad1e6a649e7826a26ee6233d1bf3.mp3,U0XROSRS
6471deea246239298cd5db68f959d14b4652a694.mp3,9KAS3DD7
64afdc0adb194500a90c81534a790dbc14a60f16.mp3,AE85EH3G
64c8e3b826874b69d037a47276caee6e379f624f.mp3,63MSPHO2
650ac09330cace192056b72651056af08151dc6f.mp3,YWRZYIQU
65726d4fd0fd1179aba4d8887de80d6f64e48acc.mp3,TS4VVD12
66980a8a42ffe55e4e57a87e92fa82a83c0d2d38.mp3,19IXDDUK
66cad08c019eccd5bd3c6a6f6dc0e3a7d924e02f.mp3,MJJEWKW2
671a0853233b09e81869de758fdc3b04f3ffd6d9.mp3,GJZSAWMM
681789a71b940734d0ddf40f55888d8860540824.mp3,F50XF5MQ
683ce7310ab296749aaf8dfec1ed22c2880f7e55.mp3,N0XHAQQZ
685a5da890376035f360a0b8e26660b054e6e88a.mp3,UA05W29Y
6885e791943bd059200c36c5931c2342c7217485.mp3,8US6V9G9
68975c2706667577200c50aee9e9f9a85c9de113.mp3,7YE8XD7J
689818164a2e4e751e47f58ce65ab0d93ddbedc0.mp3,FQ00AT49
68d8c1af73aaa41aa43b9157ac1949b06bb173bf.mp3,AB3TR3JK
68f317b8fbb06c265255446a38b121b921a9aa0b.mp3,6TMKZU9U
69a02a963dc38ceb82ca7a570ef8860555ae2f3d.mp3,RMTMV7XQ
69d9553aa645deea6797bd6dfb8b74359fa17074.mp3,XTN3IOXG
6a03cf528098d379e89f9854bef614f97d77f63d.mp3,3M2DO9BO
6a74961356096b3af1951e397a7db2438c9c6fc3.mp3,25UZV2KY
6aeac04159c1f24e830f93131186be8df62cca97.mp3,ZNZSU1XU
6c9b42e9c53cd0de7db2d6b88d3f8bd61715e697.mp3,OGJCAAW7
6d2fd264502f04b2357675800b15b2c959539c05.mp3,HXTI5PP3
6db081f6a7091379071e5e0368f5318d1b4d3de4.mp3,8B76CG1F
6e0111fbb3f321f160fa42e8f9d88b667b5a6b40.mp3,DXNDLYX2
6e058f120534c9adcf435eaf2ff17de8871daef7.mp3,IJB77119
6e8e4c02fdce48e51d25f1cf7bf8f83d72d1d62d.mp3,7TJ7RGYP
6eb733892ce3f7a96809aa6b4cedc5df3c9bbd65.mp3,F8QEPK6O
6f7624e3dc8ecb761566c17fcedaa048187b76d6.mp3,3P8YJ8K9
6f7e4415ab2004cf26a9983bd73e2f3af5235fdc.mp3,928H5KI6
6ff45f4cf4cb375f94a1792c146b399c256c1394.mp3,NLSUS1EQ
70233e56c8baf1dea50ec7a504012960fd7300eb.mp3,XN1F45WZ
7041ffcdf2031eabab997060a615cd46992736f6.mp3,0O0S268T
70f1f6fb200aff5aa84df0335d658485bd97aeb8.mp3,INJQKBCJ
717844c2f0efa20d789593750bb2850f0b651e29.mp3,6XADBKB0
71e09f4583d53d13dd8df6b71e01c46eb3768957.mp3,8K9IOGUY
723c85ac271b3c662777dc5621f5830f0dc4a759.mp3,MTOM4HPK
72556c00b51d805aa2450cc7360223e50076f566.mp3,REU7ZGZM
72ad80efcd3cc6de15d8a8f21020f755f4db71c1.mp3,F9J2YBDM
72c0fd6b86e0bb617db0eddb04e0dedcf47de5e3.mp3,74GVW0OF
72eda7c0e910cc72503554456cdf587e376ff420.mp3,WXW226XW
733308ed9a55b4ecd2ed6ae24efdb6da1b47fd36.mp3,1ECZMCT6
733bea070b3d082d9b1b3e3feb684410fc888d05.mp3,LWKO2IUB
73994d0910919ff642817b93e37f2d0eaba9fdd4.mp3,SJ6UJ4XC
73a89324c08f65de5a8618be887ae940d76a960d.mp3,UT258DVQ
74358656f9fc6de4eb5936d14ba29ee82b6df48f.mp3,VU5KP13V
74afe95d4293862c97f4edb3ecccf7f9a4d4d990.mp3,CRP102UF
756ccaee25aaada847e27d9a9a4f23bdae9e012c.mp3,ZHIW55R3
75b8c4fdb4ae2ee6289610016460a3edb0efbac6.mp3,5WJMWE9Y
765ff2e08415dae0c8e7529d0cb266d1e9f68ee6.mp3,S7I2ARQP
7685e390fd66d819b653f726da120a364098e18d.mp3,8TQHXKLQ
76a4191425e01f3be7ae4fbfa3c13a86fb57f82e.mp3,06ER5GPR
76ad4cf8b7c1f866164d2f60a9674c3a43d8d8e0.mp3,QXV9T51S
76d4291dc732a064afffb8e05acbe00730a1a82a.mp3,GQGBUBD8
7774a3cdc41250ca5d812bcce03b904ed131d970.mp3,MWM8Y7P4
7781982bbc058e94b2db32cb3cd104e264bc2de6.mp3,0NB77YWH
779aedb1727495ba13ece458ae19df31234202de.mp3,KLJZF47P
78087e8d534cfdfd7cf7c7522766c298cc5ef7c9.mp3,HPTSS24D
7851698414ba66991ed5cf5f960bfbb5381b1028.mp3,TT9NKPU2
78ce54c46317a1b1e50abcb070637450aba0dc08.mp3,D55NEFHT
794e7355b814229b7ddb1271b05afffb089029c3.mp3,R9T3RC5A
7996988e2d18f69c414dc3d7b91edbd714a661df.mp3,O5J1PTI0
79a92c6464ae74c92a78970ba5ddb2b3d95fc2c9.mp3,NAIO67DV
7a37c2afcf192ee94da871be126bf874e7d38be5.mp3,LEI1OXGG
7b7df4ff4ee0fd698d3e59e3ffcb3cf9c72c2f8e.mp3,6SDPFBC3
7cbbd3292d9f5eb16cf4973d92809e0c16165c22.mp3,8R5LUS7J
7d094622063d1c4d391537092fce54dd2965d011.mp3,G9NILNKN
7d32af47ccb99d7369c9dcf73b851ae72f4ed7bb.mp3,PK51BG3L
7d37764926a4a9765a700b43a351cb3a8e722bf9.mp3,ACKF4DVO
7dc1df26f6f1fef783bdb32c20cab5c3853fe70f.mp3,R5J13VE0
7e1519cf66e71f30f383d427b3235c4a813fddc2.mp3,52W8D61O
7eaf39ae91825f34de08ce91257e64cc5905a83e.mp3,KV5F45T5
7eb3c840f1ae0e33780bdc6002ef869d20427edb.mp3,XKQCRGQX
7ec2ca2db9877a11101c4ec02fe54158d9dcb00b.mp3,BZM7HQBA
7f28e213aaa3733471fb7cd824a198ab8e545f78.mp3,V62IAOE2
7f5c9ed54f0c9b89c9d49ece08fba5edd400612e.mp3,57LPNLFB
806e2e874edabb45c65fcd21ec35c7e5c83a98c7.mp3,KU4OEIKF
8129bea7550b5927e4cbbc577dc1c9fc14449d47.mp3,5J502VIK
813c69f0b9d61ccb9f08a0632fb776d8b7693121.mp3,446SMK6R
81f763ee613e406d04bc2dc824e2615908f4e560.mp3,TL8FIHSL
8233125a71b934637f32819b6f5ba247ae72fa54.mp3,WROXLEXA
82960719df9789c3544169bd04e6aa6b559e2654.mp3,31FWW2IJ
82cd496c49ab1a063c4070853115467ed4b2a6db.mp3,ZDUKQI1M
83166591b41b2c5add75f7787da8c1e602ed64f9.mp3,FTKQZVY7
836cde04177baf9eb00052527b2b72e1a54b038f.mp3,1WJAINDJ
839bcb7545338dd79a7c932f5a577a140a60f3f3.mp3,M5L1YNS1
83cbc30e57fa19273a6b1891ad6d04a5af480282.mp3,MDBLS6NI
8538d3b7cc23c48b1528380d7159501b03f4fc6d.mp3,T8YOHGIZ
855c324fbd70fad45b03f966f884421e5e3d3704.mp3,J4ZSPXPO
85eaea4515ff25396a63ed907352acf065f91da8.mp3,KEAWYBWH
85ff1bc2010479f50d4e3fff41b675189320af85.mp3,9O45U8VA
8609ca79f83d30980b8197bc29335de0b2b0a44c.mp3,L18JDUYX
8765876e8ca16954c65c4c8c46fa044622872a77.mp3,05S3OB86
8767f6c7330d094f24069c7cc9a812dfa1b8fe6f.mp3,9FIC7LDG
879e1b9e7d25ca287c13dfc8588da794ec113e30.mp3,UJNQMJM4
87abe5213bdec895033ebd66e7981db07b2ac7b1.mp3,80ZDBWCL
8834b1675ffbc75b8c012e044d4d1e7b83031638.mp3,FOAD6713
883f32d3232f8c2eec4b33690e834a7bec59beee.mp3,ONUDDPOK
88c23769ff55cd4a318f9dbe4043e5bdb7ac5aea.mp3,6ODN94J7
88e6b791cd26b059be92990cb1b35fe5f2fabf7b.mp3,VJ1IXMUK
88f56ea73d3366cbbc6f88fb9b05273a5bc26a36.mp3,8NRJQWIN
8912a97f2e2d18ea1fd4a396dcbab6cea068de6a.mp3,8GN6JLKM
8a23285503bd5036519cc57a040114dc74dd81f4.mp3,CF2JQ5CK
8a7ce239816794f1baac9f86d831af194a7d1a61.mp3,EZKB6RW6
8b33fe707add3d79e552ec967ef16ac03ee3d28b.mp3,XDB8J9CJ
8b67a2f9d507360c94f9dd985636ad7bc5ce5007.mp3,R7PFR4E7
8b8f31b9564ae20d953ab70d5e0ddba5d476d116.mp3,JH947Y0L
8bb09132166c4f3f1cd986b43c3029abec600d13.mp3,UT0JYF3B
8c7eebe1d93f442ff7059f90a3bda8c747fc5927.mp3,ULB2JZ9J
8cc8a55e63f0eace55410af1fa1d9024a2db1bc1.mp3,290YF69Z
8dc74575ad0931783cc13b89cf2b4a5f814e09bd.mp3,44HKL7TB
8dc8c65c593f3c41c12ae0aa2250be4226cb7574.mp3,RJWFKSKO
8e265321cd40ec5cd1cef04dc571f7b9cd67fd5a.mp3,AG840A2N
8e62ad79a9f7b5e9f3b2554d08285032a6cac2b6.mp3,K9WW2U6H
8ed2d35334e0ec143d7ba3014f3421d3fa05b82c.mp3,DLCTL8BU
8eeb06cddf3e25bbef5f14011ccc3541fbd9589f.mp3,R1CSU3XQ
8f491b5f14a15f5c44e8fa006ef11995a59c4ea3.mp3,ABMY4AC5
8fe5500b42586d7b4487d7bd5af230a6cfb975ad.mp3,QHZ26T1Z
8febbd9b73c9512ec3ee9da67308674168b969d5.mp3,0T985EST
8ffb5abd1c006858b4e76a3716f7afcd3fc51b87.mp3,QENEHSKO
90b6a4fcabcb5262a9ee67bbdc14740edff86c0e.mp3,K9MADTIN
914cd048464bdde34f4424f4d8270ce7c7edcacc.mp3,04B7FE0N
919b4b61f7f70eaf85745a79e33867e323b38dad.mp3,YE5VBQ1H
91a2be13c902501b09ea915133c59e990ad6fe6f.mp3,8LPQOHV1
921a5d7a4bfa717779361cb309b8d5eccda8f983.mp3,OERU4FF9
924a9c52b726774f5ec0e294b9f0f111b52ca143.mp3,1C6M1EUT
92c61e0d748a1cc977e8ec78d14d40cfd933d2f7.mp3,MTPKEI3P
938a2851a6ec052f491b04e65450412614093a39.mp3,A6IVDMIG
93c5da4249911ecd594e2e98a32ef4638f5a9957.mp3,HG0SPMGR
93e185f113f4bc31671ae626024406b13905339a.mp3,7F3K9WKT
94528dd435b8f99fb5a50c4298ea74b6353676ef.mp3,ML4JS8NH
94c75bfe640d73e7fdffc825287bed226eda8e93.mp3,EGSNZB97
94f1f1dda970f814a702462495fe6b145ab77bc1.mp3,RRIV281R
94fba1fe0902ad24c92b51ce9f6730c6bd19e459.mp3,XVNZS82B
96d3dc6164c10795a398c53386dbac0cd711683b.mp3,MNCHXU04
96d59a65c707b77fe92b80767fc28abf05043234.mp3,XQ3NG0QL
97424ae99029043115d66152062ca240fee0cddc.mp3,8Y3FQHJC
9846fa2cbd31bb3997a5f87b67de475ea1cab528.mp3,D822Z5RV
986e8d1d165cdebf347582699f7583c41edeb6b0.mp3,84Z7QOR4
98aa54401f375cedd0edd32c87c6f5bcea1077f0.mp3,JU01ORQ9
9901e605dff9ca5bacdc87cf86e0861478206edf.mp3,I2Z7OL0O
9a2b9cdf1bd6c5f46932bea30e074c8d5e906c9c.mp3,71U4BXKD
9a4eb4066fb84ad1604602d8736d82c86229329b.mp3,GU0YDD79
9a6a49f0574a1661779a1a312032e0289faab06d.mp3,TUQHEE41
9a70f77e4b24c4fe69a8a6195bb86dbba9551e1c.mp3,FDLQVXBH
9a834c9edc4fb0cfce8df4da5c40ba84e455c8e8.mp3,HLA4Y7NI
9ab5541d4dfbe05a7a0941033efa12cffe613fba.mp3,XHX0BV5E
9b075610f0bba85c3609189ab71c95b07314fbb4.mp3,CGRFSNEG
9b56ff1999945a31e9e918ae79970d10f1c879d8.mp3,ELJOU93R
9c5753a16338e46cd50da440cb29beb4a5fbb0f4.mp3,AF562YYG
9c92319613faf22e24dd6df7a894388a7c2f38c7.mp3,447O3DDU
9cb257480f5f2aa61861913d675bd4f918f84ac5.mp3,AF2WNCFN
9cb90d6096f37906578dca1ec69037833f2c92f7.mp3,34Z7C801
9cc04457ffead3d6caf6cbe213bd910c141ac93e.mp3,OIIQZRC6
9cd711c31fd53173d3896df8df55ddcc938ea533.mp3,UXIO0K8U
9d0266265f97d593fbfb7474ccef2fb951ffe657.mp3,9ISR5SCX
9d2f0f9ff25e6eab4169dc53d32969aed524ef1b.mp3,HDQIDH37
9ebab77ea6ff62795438560f5d3b1a12dd9305ec.mp3,LJC1JL11
9ed817e57c6233a8ee0f741f33c3dd8258fd51c4.mp3,0K2SC8RM
9f61ee938540c4d3cc2089622163618da2a19474.mp3,XCAXF404
9f841bd51154cde961636cbad44f19ee58402522.mp3,4YPMDR5S
9f884a6586966da87084c53f15db0b43c4652c5d.mp3,CQVC07UI
a01ba189bed382994f2e669b5c94760fb7970c3e.mp3,PL4IN7HR
a08997a85466b15b43e4e2e85af59a678820e266.mp3,EL8WYGMQ
a0931bde5f9b45b8d91967303bcc210369e59f03.mp3,7I8QVT4B
a095c9e043293d1a96f820751f2398a3c3c32616.mp3,BYIXDD58
a0bb65530b8d30ff38fd42d062daced9cd5e4910.mp3,DFTWMZ3H
a0bfd864f231738e2940c7c4b976246eb8d56499.mp3,33CE43TU
a0d69c645f74cd04cf4f2f559388bb4e8efb8745.mp3,1EEWPQ2P
a17ead0f98a62d0ae183af0e9f409afb5628e7cc.mp3,U0SW0G6H
a1ac3ec1da9d8448f97a955d8697ce36c1bb5f33.mp3,DPM555TG
a1c7d24b538275c15af55d10f5a46fdf2aa00df2.mp3,1KS6UIIJ
a1fb887b8f1e90ab1feb509e53322251dd69232b.mp3,HWYYFSQI
a2148f3685df2710e9fc5bb79e4a57819cece121.mp3,GZFFVMEW
a236e3a3c91526bf2181a7a6f1a8871b8bb4af7f.mp3,HCZUYAGS
a29825a45c098b74375dd681a6ec7aca4183ce6b.mp3,N3TTH0XR
a2e94f7910d36b736a8a057e5ffb55006760730e.mp3,YWZUO36F
a2f7ecf6226f8deadc63fff5e3be2899e84a9465.mp3,ZINHWYV5
a30cd91637919102fae2ca9a68b19d5bc3f3c284.mp3,UU9SU4R2
a3339ac795649e8c0d80286f3f18202475539d8c.mp3,U8IUPNL0
a3362b0611a69550b787d67ff1fadcd08818e9a3.mp3,5AVZUFND
a33912461e72ebe7dec56289745e296d795b77a5.mp3,OGK6L4YF
a38e487dcb9efb14689e034fcace7a9a52e76cef.mp3,QE1TDEZ3
a422ea3ffb3f203684c153e700e33aab2f68ddba.mp3,Y2NHNJUV
a42d13964a531b7b36a90d32f499ed755e0f88e2.mp3,YTKWO5U7
a4e65bd6d78e66257b0f8c8239ecda1ff5472c7d.mp3,JWMIFS05
a555501a6af271af4a20fec6730c0bec2c8eb851.mp3,7CBHNJB2
a57e643767e0abd1747522b3bb736a19a43f6076.mp3,J9GRQJC0
a5857085c02db997ea2b7b1656d01318e7a67d8f.mp3,V4XFOJXT
a5a684707b414e0f504fe6b138c4f03453433102.mp3,N83TDLKG
a634529721638ab5e6f587334cac5cf92803f163.mp3,DR32LEGJ
a6462cf6d48c21cc1446ee6ef70e98f2b0e53b57.mp3,1L46AEA5
a646aa2c0c9dfc9368946fbc8ef137e2da9bab70.mp3,TV71GQYA
a68eaf8c5bcbab0ed3048c897dc5d5961b9c1bda.mp3,JUGE9ODJ
a723b4eaeb88d501340d83d1baa7fbe6f14cd8fb.mp3,E6G3SQ6Y
a7967f752e35ac02dfc47243307fab12c968304c.mp3,X6LCYSN1
a7c50a2017de04c2b8be0f283d974daa54682bad.mp3,NAATUSOM
a7e68dfedffcae7636ac91cb1cc9a3c050b75503.mp3,IMDZP48Y
a81c328b4ae4f784a5fd14349fe2bbb71dfa40ac.mp3,J3S2ZBJE
a8955102f4011a327f3482990143966cfa68e4a2.mp3,74S8584I
a9813cc926d2dc2a1e5558ddb34143cdc2ac97ed.mp3,J39VBOOM
a984a354078928492253f0b742f90bae9195fd15.mp3,LSZFFQ75
a9a697cd32ad149f05c031eacc76c60ad5ca2363.mp3,FZNEONNT
aa16fce13967460bd2082a59e891869f5328b625.mp3,MPINOAN9
aa286ffa6100b42204cf185317cf4bab61cf500f.mp3,2H7TDC4Q
aa776629ffd3337e27668910c9d24dee53441c84.mp3,XFLKB9FZ
aa92f02ed3b5827d40524c6e2c3c6c73c41b089d.mp3,KS7XSU0V
aa9f8a8b49b794e4d9cc1195bc8e01df67cb5173.mp3,C07HXW0U
aac5bc2546549206b1853893cb893a7a6c397018.mp3,R85RFV64
ac0ed6dca842705a1743030afe4a05400490476c.mp3,O9YH2WLB
ac8430608a95d0b715953a9475391c8888fa4180.mp3,YFBJGNIV
ad023a3aeb116e8ce37d89a9426be34416730478.mp3,4KNWNN3D
ae25af411844deb9fabfc4acdb9f3db42aef0f9c.mp3,SEZ5Q2SP
ae3f3bbd7d35419f64395a6240959dfae492ceec.mp3,NGRPX9R6
aed08c9ee25667e347f1192ec5111b8f320f70a8.mp3,VFW45GSP
af1f2410d72b6270668ccb4ec1c07166de02f464.mp3,99JEVDG2
af8d18b23713dc26f43c77a55c588ef5a543104e.mp3,PK462GJA
b0799bf2e71f84e2b08393d04d0bc0993647ab61.mp3,VUVFBDC7
b07f580cef79c554b0561ffd9948fb713db7e271.mp3,K8C9F5R6
b1a8ee03c16ffaa1bd6f77771170ed1f59c7f6ab.mp3,D3TOEZ1S
b1db42af751c5ddd59c4ea44edaa1e3f9e376109.mp3,E05Z45QE
b1ed687eada6062b4570328c423cf8b475e525ad.mp3,OWV1UCPW
b1fb3755aee3b993ce6c0fe5333b8bbb60baaf3f.mp3,ACQJWUUK
b39adff8a5a7666c772597e580abf75989fbc7c6.mp3,GI4655LK
b3b406d63e35be7f5d1fca08d9e130322a75dd6b.mp3,YR1OO33O
b4ddee93c428d67b8188e73494774c0ee93bb930.mp3,6XGSSFOJ
b549cc5e5a230e49d6faf484be1668eb7c97c403.mp3,SFUTWTN7
b65520199fd9976f6b5f6a3405c41481929b00da.mp3,AXOAKA68
b684082f700736899e7be52bfb46a47b7fcefe6a.mp3,V4MEEB8V
b77c190d3b04115f815f68bcc0c834533aa7433e.mp3,ZU20QN85
b7ac8826ca78ca43c91192e508df5b0dc30d8a60.mp3,30JL7BHS
b84e8d51bf31d1843fec3eaa174cfa3dbe75f4e7.mp3,WGETDDMG
b8948df9d0f441ac8ec213f83f710a7b3a6438a5.mp3,WXI6Y8OS
b89993d6b9cda4ea1a54bcbbbe769d9cc3ad9e3d.mp3,004NSU1Z
b8fbaf4712956eb19a2dd7d006a18edd9bda1c4e.mp3,YPR6V5J1
b95a7c678acbf7f0ad7383c4decb8b35cb6b66fc.mp3,6E7BGR8Y
b95cbc9e2e90b4cae4bc8b6df86dae32a322567f.mp3,P8VKS8W7
b9739182c15d94ce1412c1c914877fe22e7f6b69.mp3,361FFPFA
b99b4556005c5d5e793e3b92231797e690340b7e.mp3,H6JJS6F3
bb1bd2bf1bbcec20d70e47abff5f304a9c5cfde3.mp3,OLABPZOK
bb7a66c33b55beb2bdc55d7447100ce9de15bae7.mp3,2SH4K1WF
bbe30a6da9b7feb1f9bc6f8414a6a8921b1da624.mp3,J0AAYY9F
bce29dd85f0db1fb1f2aaa80db139b2c61802ffc.mp3,FGE91XPM
bd0e8103d2c5223e077575d2e2b5d947cc4270fa.mp3,EIAR1R6S
bd39e62b49afa675006a90ffc8e44d76cc8bf254.mp3,MSJ54TZV
bd3c58de16b27418031d5e3fed337a498d7d020e.mp3,54QP9QB4
bd6e41733dd085aafd3f018480293882c2819657.mp3,HPWJMCZ6
beb6c94077726e3401ce521f8e12862f71a2fc01.mp3,1C60KF6H
bf99045ded8b55f24a8749fbb30922c697380111.mp3,OGL7DOB6
bfc03092735fddd7b0396b2be277e3dc413febfe.mp3,AAM4TF6V
bfd53c0a45e99f9248915c7e0418d261e9fb26e2.mp3,F4Z7RU42
c034d052d02d3e2e877fe88c7d05ef04dd99077c.mp3,1PUAL147
c0befc7f0fa96a098c2d3eb7170c48021a4920d6.mp3,XSRUF95P
c10a5571dc702ed7e43f4ab20df11757d4dba967.mp3,8CE5YROX
c10bab7c0ef3ed5a51a138107366c2f5a3ccf998.mp3,A3KFEBMD
c156f03714e1359d56bc2eb9b1ce7dabb9352804.mp3,GLB8GI6A
c1582b7c62dc29ad485fff1f48e0743dda636acf.mp3,KDDGPCA8
c2462f2956047c9e1283bdfc0a6a4a98b918181c.mp3,S0V9D4F3
c295e8714ddf50e1dd697d61a9f3ce486e30474a.mp3,XUM9ORX9
c2de4f109e000550e0d8530a614edc6ab5b600da.mp3,TNPCZGKF
c3677e0f825251bbdea0fbf11c70205ea6f64464.mp3,HU4DCMB4
c40fa68d8f1dce90769058bc7840efdf86d48578.mp3,ZGXEXZMT
c41cd720517ef4511851c0060a582d197d3b1a98.mp3,CYJ03N7Z
c4fc120dff2661bf8230ba6adf039ad40de50ca4.mp3,9CTKFM3F
c55d3c3c0e31e1bf9ba901b9fc700802f2b17257.mp3,X0BI89QC
c597639f12a1e07d218558ed74f6a6b7fe7395d4.mp3,4LMCOEMX
c655bb12d033254c2896a0ebf4ffd3bad0f98bd9.mp3,EZA2P9Y2
c65bfa3ad9e9260581401162d3b40c70ed571da4.mp3,YG48E14L
c6e1bb46c6bfae7cc9121686359a628835f346da.mp3,Q06M6BOI
c75bce82cc6b9bc4284ce5ba533ad94538d994d6.mp3,UBNR4ZMQ
c7f6b53d3c7151eacc557255772b4bf7f3aedad6.mp3,E49WMQS1
c7f97d6e07170c0a961897cd9fbd9d9dc7b380b6.mp3,SI7WM03O
c83e17e17aa0dcbf6400a0103c2be95cfb33bc5e.mp3,CWF53WOM
c851a6497ef4380478e80fcd110edf425c50417d.mp3,AN1TDZEK
c882853f2e5a8fd9dde42504d27b6cebb6203700.mp3,W7H9JB8C
c8dda6e8aca0258802c30074875314788e885aeb.mp3,RQEYHH25
c8f61d8756bca4a93dd2d8599754ede787e4135f.mp3,BZIN5CFG
c93e716025bdcfb8d4f7a66ad90e9e313b043c5d.mp3,Q0CMWQV1
c9badf6e531c8c562925c89eb4c576b4002802ca.mp3,N794SS2N
c9da744a4dc5f09ad0f947a49f665b5acde3fdfb.mp3,IMHG336R
ca3288f16423e0aefbc2eed470c01d8b05d7412c.mp3,U784CUX1
ca5578fc270adea3e90ff4aa6eae879f4174277a.mp3,LXR8YUF3
caaca386540aba963071f9a3dfd0949e0672fde7.mp3,SPNE3PVX
cadbd84c57a57795c8defea76cd193241346f80d.mp3,0KJV750D
cadd74f94c443dad13329676fa7621a0f6813cee.mp3,C3V46OCR
cb2f9bb40521e97c6a60dabec56d65859b694c4a.mp3,T8YFARFC
cbf51553893ea5d7ccbdcddc4a040f3ce8f0f84c.mp3,Y2THGG2Q
cca8e088492c08825256037ea98ff1c102481dc7.mp3,GLFFGG61
cd52439c0fae64e08af10546d662f7f5daf32dd3.mp3,QC3I6ZXW
cde47fefd1223cbf19c1cef5fc5618ab69ee4001.mp3,31XMEAUW
ce0b82b23204c8492758cc3dad7c32bf8a90cab4.mp3,XP7LOB8W
ce8d3312bd2d6f9a5b58691fcaa6c96b8abe944d.mp3,4EFGESF1
ce94cda8fa01a3eb5d06de96a3e6d4199217e6a9.mp3,T4F3VM1D
ce9de02b84ba8132bd8fa38194bdb9ab0fd2c941.mp3,VUQHSFLP
cecf4822cc34319c526dec08f6eabfce116c8ef3.mp3,P946CRA1
cf6522b261b09769abc9d192ccf00c822544f0ee.mp3,DT43CSO8
cf8fab87ce5dea7a3497d3e5c03eb59332475166.mp3,ZK7HLM5X
cf8fef5a6337892a3a455f11654f6730e635b6ca.mp3,2L2M5AJ8
d00b336ec641e01bb22bd722e583282f630e9b18.mp3,60Q69DLG
d05cc9d1647380b4d12735c1fca24b8437e33f41.mp3,I6U7DKE1
d0730b6c04778e9f18eac95a994f244f323d0bc8.mp3,RAKV2Y88
d07d08318ae5b38932f8939ed778b153c591b6fa.mp3,NXGRL37C
d088d7600214d3278a9dedfc0c7d15b9648a8b9d.mp3,A72YDT4J
d0935b37d59c569dedf20277c7ae27aed48de2bb.mp3,C16PBVOW
d0d84a83b195e8c4ac74dd5b4dda5623194cf47b.mp3,9KNTQBFZ
d11fbedc0654f7bea4e5c08cea73d99f91677669.mp3,ORUXF50U
d204d5eef64affb690873a9851a0dbe36f43e091.mp3,7IDUXQB6
d21b7a1e7cfae2d58716e0a44d05de166119b893.mp3,CODPIKEU
d2f69d1e4d585a35e724c3c72cfd6e36afeb105e.mp3,UMWQQETN
d327eea9d29ea61dca75a2e75113cc6432551aca.mp3,MECR6P6Y
d32d30b0744a64c55eeb2a8e5f92d7ea6bbf8405.mp3,6ARKCIRN
d34feecc6c123164a9212c71465996f2f1ff009f.mp3,FG2LQ3IM
d35b7a67a83898f741794a96aad5b2a71e26c329.mp3,OMEQD8SR
d3e95d7e520054126608b5e9bd30ed1a8784a1a3.mp3,L9B4HR99
d40db8c63f82d7d39ae20899182b9b52b3e54ade.mp3,ZDUE7C5B
d43180f752654a014e0afedc073956f607d829c4.mp3,OY95P0UD
d4698b2e88f3d0a467b952e516b72f3b2c08f083.mp3,I2JRIHJU
d487cc22faa7036da287c19a26ede1c7d3057093.mp3,XKN1XLZ0
d5133ec5839c0f4fd64a9ecfbc513d9f18e9dc27.mp3,20P2WPCY
d62ce0d4690c1e732c02dfbe5fbd2fea29c27cdd.mp3,F17OML7D
d65051626fe3e1c4092c526a2e5a8c1278a6f30a.mp3,J0H525EK
d6addd986fab118f731b371a1aa37f6801668c55.mp3,VX1YOVX6
d6dbd7a1d8efc7b479da0d0b62c549f700396dfa.mp3,T2AFKVX5
d7578153958db632d0ed1e1442573a0380bf2230.mp3,FC5SG076
d7626be135563d25718b0c9327cb800731831b61.mp3,DSYK6W3K
d95ea74e4cc1963b7aafb6cbc8810a4a1fa0a031.mp3,3PHEJNVO
d96abdaab22465bd010b0ab0e5123a93fc88c273.mp3,RT9VAXCL
dad9faa9666d1fd4bd00a6d28206c5bf60a0bf95.mp3,T0N994VG
db0e5af8f4da85b387741870a8c6a803bb894f20.mp3,R8YDFW4F
db11d6b07dfabdb89830d149f47b2912651d1706.mp3,8KKUEIL6
dbee5725d72f5bc7239a9aac1c9d9f4b4ce18576.mp3,NCBCZTVF
dc1344ba60693a9d68f8ae31c3e62d256992a392.mp3,UZ3Q10LA
dc3e08ee6c8e0d64caedb8801a19a0c0c12c65f9.mp3,ROFHTQX3
dca4ef2a4174c137f28cc36428c0b4a5d33966ed.mp3,VSJFP1VY
dcbe4d68e52e3faaf53b0c047f3ab6423e9d294a.mp3,VF09G2P2
dceb3f1669d817f3f435d51f623451f67477f8a8.mp3,9QJ2Q7KE
de1b5436819e7fa23d4b48c5220082271a331bf7.mp3,CEE68859
de51baecdb6562c6bde683ed7ede96cdacae17bb.mp3,TYCKHK0O
df469978fd46dfd17afac318ba383adf01e6cf24.mp3,W2EIM73X
dfd8db323903d47cca02fb0ad627b4e4fd0f0b00.mp3,VVUFAT3E
dfdcdb1884601673bd0eb9d4cb5c87ec6622c334.mp3,AM1016AJ
e0147f7dec6a2f3846ec1bfd6a6df26699886eaf.mp3,0U4TNZHF
e0ebe2b5270460a6924b721794dd500cd8c82eac.mp3,SJ2T5DO1
e10d3e19d953ff37bacac41d055363f2d082e7ec.mp3,UPIK9I0G
e1304119fbcb2e6be52da42831856fa32e9bc2a7.mp3,F91NZ2PB
e15b83435b2716a85034502dc24a343a137f6cdb.mp3,KUABYWTT
e1df795ebb5740fc6e55eb134640630cb4deca29.mp3,FAT2LE3E
e2056f31a25c5f83e453bb5336606a10b6a63c62.mp3,0O0ZY3WS
e2dbc0e2c10aaa67121f6ef4bdd89c141411bfe4.mp3,5T0SOADZ
e2de755d4d67f64b137913541ce9001a2bc80a57.mp3,S7K52X8F
e2f5a15f3751602e3f440474faa815b0958360df.mp3,1GOEK01W
e323f2aa4ffe62cdba74f1c8a6620172abaa0093.mp3,BDKONUD9
e368ffec5aa1dc749a5d5d0b25d4d894e7967004.mp3,8SP50KO8
e4015af88a6e553252e123b462ec9ec5329d4fe2.mp3,OP708L98
e44747ba594619e087aca310b6788d4b8bede349.mp3,Y7NQGCYX
e50c081530856f8023ccef366f0f57c741271c85.mp3,T9TQXFG0
e538bbe285b40af123fdb5948cfc8f13a3cabedf.mp3,NQ5WIXO2
e57012e7cdb09c4d5d74603c8dd82f4cc1c9328e.mp3,GUUQ0N77
e74ed137216124cb276f791760ae677409327d1c.mp3,ZIH1BG55
e7c09944f789c64c681ff1ef7da77025734f5a77.mp3,KI6KNCS2
e9af9fdc68bc13f0f924e8d2050bd54f0bece7cb.mp3,99TNGVQP
e9c04ea8a9b7922ca831b0d4227e23366834d995.mp3,5PTEQIRV
eaf101867636806f50564d4e2dbe347103b610e9.mp3,843FSMAQ
eb1d4c60afd2022cbd02330c2e7d7173d28634eb.mp3,QIF2CX0I
eb4f934f7d49a57bafbe96edd402864f75f350a6.mp3,5DYQOTZ1
eb70812cb793c2eb70f1dadd42583224542be63d.mp3,JP80NN20
eb786828bc5f58f96863f4f53ad8ed6c27fbb6d1.mp3,JMJXJWRW
ebea495310ed4367488659b749c9b79b6cbe7950.mp3,Q8T8JOEC
ec120f00551a6506322837e53ec97e4b498d82ab.mp3,1P6PRXUK
ec12ef1ee674071af91728c7c9c7d670af85b3db.mp3,PQA1HPZ0
ec2b0f8ed0e29e396510da592311a1ec2c439046.mp3,T0YSA6IZ
ec917d3812af14cba560cc6cce8a017c60f8814b.mp3,O5JN9XX5
ecae2aea9b2e074b3336751aea1b622d3dd8beb5.mp3,CFSFF6WB
ecf155d4623feb21d2a0237f4c5516cec3260692.mp3,428ZX2SH
ed118fac5c557ea770533ea94e9e5a402fbce6a9.mp3,4Q18PBI5
ed3efbdf965a1514f9cba92d45d25ee6d710c41e.mp3,NBS7EZV3
ed4d3280da2adab71413abf722abc2cc673fbadc.mp3,84UICS2X
ede53d76de2652ae2650732757fe905de2989d4e.mp3,H4RPSYWQ
ee0d2f3401d4e7a0dc2db164d2eb15ea270fc52a.mp3,4AE3EBUY
ee3623cc503c58780e2c5cb7d10c2e5afcb00609.mp3,2TDCS6C4
ee91fd98b9355af08a8dd2b71413e12bac8d09fa.mp3,YPGEHWL8
eea2f81e8902c79979ccf42a8f73323fb30c6c4c.mp3,XO1A3SXG
eec36bdb1112696fb565c92fdfbae706034cd107.mp3,2J65HSIH
ef15ae0d4cc3a21ce8e53c6b4de339b328829b49.mp3,J461GS6U
ef1f6ea005e519e74587b73b583c3a9fd7737d5c.mp3,VQXNGT7H
ef251e5232e91d0b0dc623e7c81336b4948e9c46.mp3,QIIVXVCI
f0bfabcdff90fe03a823c1feb530dd8d399b5bbf.mp3,OZIIL52R
f0c67591f99567ca9263c3d4be122891ca51b2b2.mp3,QTX5UYNP
f12974453ce2f55de0fc98a0ec27e23896af406f.mp3,09EJKFMW
f15539eed26781180bd28850d144616113dec0dc.mp3,2TRLQL2Q
f1a936a65b7da1a0feb1893035f37f8381bea55c.mp3,MRW0FU2C
f1bea45f842c924fab019f2210c1acc2a5da5899.mp3,U6OUNF8S
f1e6361b28923ea5adc0fd0703ceb21a1d7c62f9.mp3,GSTMF2AW
f1e8f6811ad173be6820850a4c993fce880f1e2c.mp3,AHJNLGA5
f2105bcaf8961a682dc6ad377d630ab6ce28cb93.mp3,9UXN2FHJ
f21bfb19f83939e64bac6c2e9e048a9e61331503.mp3,Z27Q9NHH
f23c8c9612ef692a3a4aaf70ba9dc89716845da8.mp3,REFSHHHD
f2527ed81e5347bfc5b8d560ea59375d1e9a0db7.mp3,6ZBSFMJR
f2a0a535e9b72209ca820de2246beb3ae239ab67.mp3,J19IG9BY
f37966eb432017e115cc1e898c731d241028ecfb.mp3,N1DWE6Y6
f3961ba8f5bf166f74d30ca57ed042d705aa2e91.mp3,1337MMJF
f3f442e3fe726305c78c8ee8b0df81d3a5186330.mp3,301R84IF
f420986906746681a2b30015bcfc9f76fc51e5a5.mp3,SGEG5M7T
f43382fd509ac7d397ffec61d88558dd33da8214.mp3,WVL2GQR6
f485c376457977134d46aa0f964b57e842d8411d.mp3,76OB77EU
f4c7008ba576c336215ed07b1bcebb09537fc233.mp3,QRGF3U8Z
f596d9409e21689355b48aacbdd3a94bbf9b2623.mp3,RIRA6HX8
f5d75c4564e5d73d7af4539b07a7b9effee44c45.mp3,9JKEJ5WU
f60d6d5d26f27555e0b9767b8ed857eb7bbe2078.mp3,F6O7L7ZW
f66a26634517feedc6064c7e86d9154abf1d01c6.mp3,AH8SVIFH
f68639f82e1e4253af5c1f8938f51e549930d0f4.mp3,DVVEB1OM
f69b4ea0dc5f26377fe8f01242d5637740157406.mp3,C3Q6NSZU
f6df9c1076ee73a277d8e2d54832da1f9484e28e.mp3,H6QCMJL5
f6ef2724700819c312b4a8d4d261d8d27b11f0fd.mp3,C4V59S2F
f73bd0c5086bc13582e5c7aced33295c4c7ab798.mp3,B8QOQC4M
f78105d7718669ad5a04ab67f484d6a1dfb98df9.mp3,M459PZ1I
f829478b44bd84bcfa721adaac94e002378d7e78.mp3,4YBQ2B9B
f895b997b376a9298c5da37d1179db826b6045d3.mp3,WQ7GKVW4
f8cd20a69f6c28b883bb5f71a7e71856d2edd2bd.mp3,3MG06I0P
f8f63cfeff9bff70546e280c33d013598a7eae9a.mp3,W3D6AZY1
f940ecdf8654fddf48786d9d68dd3e50b021d89c.mp3,93PGCA9W
f9ab9d372e82bc3965e4464bc22a3e9080bbbd17.mp3,6EB56HFH
f9ccd5b74a0e8ec1d67a1487e9f0678ebbf0dc4a.mp3,WEMEN47Y
fa8cbedac4bd51894c713b8e5ea6fc1bc69d2ea9.mp3,M2SBA3TB
fbe431394f6892ce73e369be4ef61d500a372557.mp3,ZH1BPHSR
fbf7ee1f689b9c7ddb8b9f6cc88263c25b7a2693.mp3,WRZCS7X6
fbf9db1a49ce75344ebedf1c2e5e1a5991a93216.mp3,JFABAMC7
fc310045aa86abcadb95a6869268667f58b82e96.mp3,UAK9WOIY
fc558cdfefc5d131d74ac1412fe40faf7734b6fe.mp3,HAWXY50P
fc7972409c938c34cd7d36624240599cd0a76da3.mp3,D8FUT9S5
fc7cb8aadfac6b05869ea8f0f716f58812e82497.mp3,2HEBKN1U
fcef1948117db025ad7ef58c10db4d1bbd95282c.mp3,CNRZ0WTO
fd06cda739199fec957de95193e86efe99383d43.mp3,EKC0HM6L
fd7429bc1a8a248cef6b6646f66356e0be31e1b6.mp3,UR5HAT38
fdbdc8529af62b304764bd45bf2e8a33e96cda55.mp3,9EQ0VHQ1
fdfcf3184b812c5d2ea559ed746968fdff1724ea.mp3,5OJDTFG8
fe30087542d2de1ce244f0c6ad05d2e2dc8255b9.mp3,1LZ1OO88
fe381dddc0b53cf02618784712a16d5fd63d0df0.mp3,TLJR5Y7T
fe461bf8282dc3f648ff328d9e9d7491c1030226.mp3,4IVXHXX3
fe5bf802ac06a8da8429f8d4f28c26478170e26d.mp3,1IX0QW60
fe8cac01c3f7daa865436339c56a3b36f3769379.mp3,1GVTC487
fed769fbea780fd850c508b2356470cb6f40b452.mp3,288H042K
ffde7b2846667b8e6643bd91478e7f4ca6d38311.mp3,5RXGQNAE
